Host_ID,Listings,Locations,Property_Count,Total_Reviews,Positive_Reviews,Negative_Reviews,Avg_Sentiment_Score,Avg_Cleanliness_Rating,Avg_Communication_Rating,Avg_Checkin_Rating,Avg_Location_Rating,Avg_Value_Rating,Avg_Price,Avg_Predicted_Price,Price_Delta,Host_Rating,Host_Quality_Score,Is_Superhost,Response_Rate,Avg_Amenities,Avg_Walk_Score,Avg_Lat,Avg_Long,Property_Types,Advantages,Disadvantages,Suggestions,Suggestion_Sources
209667,37082049,"Paris, Ile-de-France, France",1,14,8,6,0.64,4.98,4.57,4.73,4.72,4.78,408.0,624.4794614911502,216.48,4.7,0.5650000000000001,0,63,23.0,74.1,48.85626,2.37976,entire_place,WiFi Available; Full Kitchen; Parking Available,Cleanliness Issues; Slow Response; Overpriced,[Cleanliness]: Improve cleaning standards between guests || [Pricing]: Consider lowering price - currently above market || [Communication]: Improve response time,Airbnb Resource Center | HostIQ Analysis
789620,36617355,"Paris, Ile-de-France, France",1,27,17,10,0.665,4.28,4.8,4.72,4.75,4.58,338.34,155.4845599007428,-182.86,4.55,0.604,0,80,11.0,1.6,48.8601,2.3162,entire_place,WiFi Available; Full Kitchen,Remote Location; Limited Amenities,[Cleanliness]: Improve cleaning standards between guests || [Pricing]: Consider raising price - currently undervalued || [Communication]: Improve response time || [Amenities]: Add more amenities || [Quality]: Focus on guest experience for Superhost status,Airbnb Resource Center | HostIQ Analysis
1475566,1181077268842401519,"Paris, Ile-de-France, France",1,74,72,2,0.986,4.88,5.0,4.79,5.0,4.76,296.24,414.3765361049848,118.14,4.87,0.9896,1,100,41.0,83.1,48.8755,2.3495,entire_place,Superhost Status; Highly Rated (22x); Great Location; WiFi Available; Full Kitchen; Parking Available; Well Equipped; Quick Response; Will Return (14x); Very Clean,Overpriced,[Pricing]: Consider lowering price - currently above market,Airbnb Resource Center | HostIQ Analysis
1730434,21848432,"Paris, Ile-de-France, France",1,39,38,1,0.989,4.71,4.79,4.84,4.9,4.66,239.68,322.2785068364627,82.6,4.89,0.9912,1,100,23.0,75.6,48.8715,2.3707,entire_place,Superhost Status; Highly Rated (11x); Great Location; WiFi Available; Full Kitchen; Quick Response; Will Return (7x); Very Clean,Overpriced,[Pricing]: Consider lowering price - currently above market,Airbnb Resource Center | HostIQ Analysis
1744480,343862,"Paris, Ile-de-France, France",1,91,67,24,0.743,4.57,4.92,4.78,4.88,5.0,287.06,304.0194361046706,16.96,4.84,0.6872,0,100,39.0,99.4,48.85997,2.3439,entire_place,Highly Rated (27x); Great Location; Full Kitchen; Well Equipped; Quick Response,WiFi Issues,[Cleanliness]: Improve cleaning standards between guests,Airbnb Resource Center | HostIQ Analysis
2160612,1102648563589931603,"Paris, Ile-de-France, France",1,23,22,1,0.996,5.0,4.79,4.93,5.0,4.58,144.67,224.11405905919884,79.44,4.96,0.9968,1,100,31.0,88.8,48.87051845146939,2.350318802855654,entire_place,Superhost Status; Highly Rated (6x); Great Location; WiFi Available; Full Kitchen; Well Equipped; Quick Response; Will Return (4x); Very Clean,Overpriced,[Pricing]: Consider lowering price - currently above market,Airbnb Resource Center | HostIQ Analysis
2514640,510375,"Paris, Ile-de-France, France",1,18,13,5,0.736,4.75,4.97,4.97,4.96,4.5,258.35,617.4545549673466,359.1,4.77,0.6816,0,100,25.0,79.6,48.84102,2.3297,entire_place,Great Location; WiFi Available; Full Kitchen; Quick Response,Overpriced,[Cleanliness]: Improve cleaning standards between guests || [Pricing]: Consider lowering price - currently above market,Airbnb Resource Center | HostIQ Analysis
2777659,1532201,"Paris, Ile-de-France, France",1,272,264,8,0.972,4.81,5.0,5.0,4.99,4.83,509.0,482.6591757278971,-26.34,4.96,0.9668,1,90,58.0,74.8,48.8527,2.3761,entire_place,Superhost Status; Highly Rated (81x); WiFi Available; Air Conditioning; Full Kitchen; Well Equipped; Will Return (54x); Very Clean,No issues identified,Keep up the great work!,Airbnb Resource Center | HostIQ Analysis
3309080,878966607307161685,"Paris, Ile-de-France, France",1,9,5,4,0.599,4.31,4.68,4.71,4.76,4.51,302.16,333.9187351841541,31.76,4.61,0.5188,0,50,35.0,75.2,48.86375889388788,2.352226638659213,entire_place,Great Location; WiFi Available; Full Kitchen; Well Equipped,Cleanliness Issues; Slow Response,[Cleanliness]: Improve cleaning standards between guests || [Pricing]: Consider lowering price - currently above market || [Communication]: Improve response time || [Quality]: Focus on guest experience for Superhost status,Airbnb Resource Center | HostIQ Analysis
3879238,9649701,"Paris, Ile-de-France, France",1,55,54,1,0.996,5.0,4.84,5.0,5.0,4.98,403.03,662.8863192383607,259.86,4.96,0.9968,1,100,59.0,65.2,48.8539,2.3504,entire_place,Superhost Status; Highly Rated (16x); WiFi Available; Air Conditioning; Full Kitchen; Parking Available; Well Equipped; Quick Response; Will Return (11x); Very Clean,Overpriced,[Pricing]: Consider lowering price - currently above market,Airbnb Resource Center | HostIQ Analysis
4118149,1099627388719946589,"Paris, Ile-de-France, France",1,20,13,7,0.688,4.81,5.0,4.93,5.0,4.93,177.68,255.600122346426,77.92,5.0,0.61,0,70,21.0,75.2,48.8776,2.3477,entire_place,Highly Rated (6x); Great Location; WiFi Available; Full Kitchen,Slow Response; Overpriced,[Cleanliness]: Improve cleaning standards between guests || [Pricing]: Consider lowering price - currently above market || [Communication]: Improve response time,Airbnb Resource Center | HostIQ Analysis
4424807,988997751082860469,"Paris, Ile-de-France, France",1,26,19,7,0.737,5.0,4.7,4.77,5.0,4.88,287.06,508.5195261263922,221.46,4.78,0.6824000000000001,0,100,29.0,75.7,48.8584,2.3275,entire_place,Great Location; WiFi Available; Air Conditioning; Full Kitchen; Quick Response,Overpriced,[Cleanliness]: Improve cleaning standards between guests || [Pricing]: Consider lowering price - currently above market,Airbnb Resource Center | HostIQ Analysis
4512059,1098436226538951200,"Paris, Ile-de-France, France",1,1,0,1,0.24,1.0,1.0,1.0,1.0,1.0,466.04,698.3703500781689,232.33,0.0,0.3,0,100,40.0,73.8,48.8609,2.3669,entire_place,WiFi Available; Full Kitchen; Parking Available; Well Equipped; Quick Response,Cleanliness Issues; Below Average Rating; Overpriced,[Cleanliness]: Improve cleaning standards between guests || [Pricing]: Consider lowering price - currently above market || [Quality]: Focus on guest experience for Superhost status,Airbnb Resource Center | HostIQ Analysis
4593397,1303556952864154162,"Paris, Ile-de-France, France",1,1,0,1,0.975,4.78,4.87,4.84,4.78,4.55,229.0,854.8528181278459,625.85,4.76,0.9808,1,100,41.0,1.4,48.85993,2.31816,entire_place,Superhost Status; WiFi Available; Full Kitchen; Well Equipped; Quick Response; Will Return (0x); Very Clean,Remote Location; Overpriced,[Pricing]: Consider lowering price - currently above market,Airbnb Resource Center | HostIQ Analysis
4728102,1147612251232027109; 890509,"Paris, Ile-de-France, France",2,88,65,23,0.74,4.98,4.7,4.9,4.89,4.68,142.76,297.33308194900826,154.57,4.81,0.6848000000000001,0,100,22.0,74.35,48.85014,2.382085,entire_place,Highly Rated (26x); WiFi Available; Full Kitchen; Parking Available; Quick Response,Overpriced,[Cleanliness]: Improve cleaning standards between guests || [Pricing]: Consider lowering price - currently above market,Airbnb Resource Center | HostIQ Analysis
4771838,895521,"Paris, Ile-de-France, France",2,322,320,2,0.994,4.69,4.85,4.96,4.96,5.0,261.315,604.5437053757091,343.23,4.94,0.9952,1,100,50.0,78.65,48.85831,2.35708,entire_place,Superhost Status; Highly Rated (96x); Great Location; WiFi Available; Air Conditioning; Full Kitchen; Parking Available; Well Equipped; Quick Response; Will Return (64x); Very Clean,Overpriced,[Pricing]: Consider lowering price - currently above market,Airbnb Resource Center | HostIQ Analysis
4978371,577361166440708789,"Paris, Ile-de-France, France",2,30,22,8,0.753,4.63,4.84,4.91,5.0,5.0,402.94,520.8982847907171,117.96,4.93,0.6944,0,100,52.0,97.6,48.8652,2.3503,entire_place,Highly Rated (9x); Great Location; WiFi Available; Full Kitchen; Parking Available; Well Equipped; Quick Response,Overpriced,[Cleanliness]: Improve cleaning standards between guests || [Pricing]: Consider lowering price - currently above market,Airbnb Resource Center | HostIQ Analysis
5027164,20798079; 25539133; 25561951; 54231534; 6661546...,"Paris, Ile-de-France, France",6,123,72,51,0.59,4.36,4.37,4.4,4.35,3.87,173.57000000000002,436.26676520371547,262.7,4.24,0.5252000000000001,0,62,31.666666666666668,72.28333333333333,48.855448333333335,2.3599683333333332,entire_place,WiFi Available; Full Kitchen; Parking Available; Well Equipped,Cleanliness Issues; Below Average Rating; Slow Response; Overpriced,[Cleanliness]: Improve cleaning standards between guests || [Pricing]: Consider lowering price - currently above market || [Communication]: Improve response time || [Quality]: Focus on guest experience for Superhost status,Airbnb Resource Center | HostIQ Analysis
5458450,813105218495279020,"Paris, Ile-de-France, France",1,24,23,1,0.994,4.88,5.0,5.0,5.0,4.86,163.0,216.41202508166057,53.41,4.94,0.9952,1,100,36.0,74.1,48.85584081185662,2.379070854061957,entire_place,Superhost Status; Highly Rated (7x); WiFi Available; Full Kitchen; Well Equipped; Quick Response; Will Return (4x); Very Clean,Overpriced,[Pricing]: Consider lowering price - currently above market,Airbnb Resource Center | HostIQ Analysis
5770486,770316567391783982,"Paris, Ile-de-France, France",2,60,60,0,1.0,5.0,5.0,4.94,5.0,5.0,222.18,117.57726850634408,-104.6,5.0,1.0,1,100,55.0,74.69999999999999,48.86598737691619,2.378020783284543,entire_place,Superhost Status; Highly Rated (18x); WiFi Available; Full Kitchen; Parking Available; Well Equipped; Quick Response; Will Return (12x); Very Clean,No issues identified,[Pricing]: Consider raising price - currently undervalued,Airbnb Resource Center | HostIQ Analysis
5878846,15111537,"Paris, Ile-de-France, France",1,137,98,39,0.722,4.34,4.57,4.76,4.74,4.47,103.34,465.1784235298629,361.84,4.63,0.6704,0,100,20.0,84.1,48.876,2.3478,entire_place,Great Location; WiFi Available; Full Kitchen; Quick Response,Overpriced,[Cleanliness]: Improve cleaning standards between guests || [Pricing]: Consider lowering price - currently above market || [Quality]: Focus on guest experience for Superhost status,Airbnb Resource Center | HostIQ Analysis
6766653,988408450813290217,"Paris, Ile-de-France, France",1,3,2,1,0.76,5.0,5.0,4.91,5.0,4.85,489.05,717.4122448523253,228.36,5.0,0.7,0,100,51.0,74.3,48.874213188185,2.361881161966065,entire_place,Highly Rated (0x); WiFi Available; Full Kitchen; Parking Available; Well Equipped; Quick Response,Overpriced,[Pricing]: Consider lowering price - currently above market,Airbnb Resource Center | HostIQ Analysis
6774720,7851807,"Paris, Ile-de-France, France",2,204,199,5,0.978,5.0,4.85,4.9,4.98,4.62,138.39499999999998,125.83260617520494,-12.56,4.79,0.9832,1,100,35.0,74.85,48.83822,2.34811,entire_place,Superhost Status; WiFi Available; Full Kitchen; Parking Available; Well Equipped; Quick Response; Will Return (40x); Very Clean,No issues identified,Keep up the great work!,Airbnb Resource Center | HostIQ Analysis
7642792,32980483; 13537177; 617870499159960104; 1131686367424702684; 32032724...,"Paris, Ile-de-France, France",18,812,769,43,0.948,4.7,4.79,4.81,4.68,4.41,447.7994444444445,515.2250492051081,67.43,4.62,0.9546,1,95,21.666666666666668,73.17222222222222,48.85976551006945,2.361783522283581,entire_place,Superhost Status; WiFi Available; Full Kitchen; Quick Response; Will Return (162x); Very Clean,Overpriced,[Pricing]: Consider lowering price - currently above market,Airbnb Resource Center | HostIQ Analysis
8462149,3689022,"Paris, Ile-de-France, France",1,47,43,4,0.932,4.15,4.46,4.37,4.54,4.04,145.58,212.06903152374272,66.49,4.35,0.948,1,100,30.0,87.7,48.86883,2.34436,entire_place,Superhost Status; Great Location; WiFi Available; Full Kitchen; Parking Available; Well Equipped; Quick Response; Will Return (9x); Very Clean,Below Average Rating; Overpriced,[Pricing]: Consider lowering price - currently above market,Airbnb Resource Center | HostIQ Analysis
8865586,6008098,"Paris, Ile-de-France, France",1,31,23,8,0.75,5.0,4.72,4.99,5.0,4.84,636.0,196.415142174728,-439.58,4.9,0.6920000000000001,0,100,47.0,81.7,48.86081,2.36167,entire_place,Highly Rated (9x); Great Location; WiFi Available; Full Kitchen; Well Equipped; Quick Response,No issues identified,[Cleanliness]: Improve cleaning standards between guests || [Pricing]: Consider raising price - currently undervalued,Airbnb Resource Center | HostIQ Analysis
8888152,44567494,"Paris, Ile-de-France, France",1,19,13,6,0.733,4.77,4.71,4.69,4.92,4.52,266.0,411.5284451798088,145.53,4.74,0.6792,0,100,37.0,90.3,48.87179,2.35591,entire_place,Great Location; WiFi Available; Full Kitchen; Parking Available; Well Equipped; Quick Response,Overpriced,[Cleanliness]: Improve cleaning standards between guests || [Pricing]: Consider lowering price - currently above market,Airbnb Resource Center | HostIQ Analysis
9044891,21134736,"Paris, Ile-de-France, France",2,16,15,1,0.98,4.54,4.92,4.76,4.82,4.63,703.7850000000001,567.1179175850295,-136.67,4.81,0.9848,1,100,47.0,87.35,48.85225,2.34258,entire_place,Superhost Status; Highly Rated (4x); Great Location; WiFi Available; Full Kitchen; Parking Available; Well Equipped; Quick Response; Will Return (3x); Very Clean,No issues identified,[Pricing]: Consider raising price - currently undervalued,Airbnb Resource Center | HostIQ Analysis
10013930,1116533552903561662,"Paris, Ile-de-France, France",1,16,15,1,0.988,4.6,4.71,5.0,5.0,5.0,218.16,560.2812144929072,342.12,4.88,0.9904,1,100,22.0,76.5,48.86184372776604,2.35977160593048,entire_place,Superhost Status; Highly Rated (4x); Great Location; WiFi Available; Full Kitchen; Quick Response; Will Return (3x); Very Clean,Overpriced,[Pricing]: Consider lowering price - currently above market,Airbnb Resource Center | HostIQ Analysis
10310158,41849300,"Paris, Ile-de-France, France",1,21,15,6,0.741,5.0,4.8,4.8,5.0,4.57,199.74,414.9558042531555,215.22,4.82,0.6856,0,100,18.0,82.6,48.87438,2.34976,entire_place,Highly Rated (6x); Great Location; WiFi Available; Full Kitchen; Quick Response,Overpriced,[Cleanliness]: Improve cleaning standards between guests || [Pricing]: Consider lowering price - currently above market || [Amenities]: Add more amenities,Airbnb Resource Center | HostIQ Analysis
10438434,863543654332792232,"Paris, Ile-de-France, France",1,16,16,0,1.0,4.74,4.84,4.95,5.0,4.71,315.76,377.9414960217893,62.18,5.0,1.0,1,100,42.0,89.6,48.87184030021491,2.358398205937559,entire_place,Superhost Status; Highly Rated (4x); Great Location; WiFi Available; Full Kitchen; Parking Available; Well Equipped; Quick Response; Will Return (3x); Very Clean,Overpriced,[Pricing]: Consider lowering price - currently above market,Airbnb Resource Center | HostIQ Analysis
10829553,1175988909648219257; 1304300377057281256; 925861392040414424,"Paris, Ile-de-France, France",3,39,38,1,0.978,4.54,4.95,4.87,4.94,4.85,250.36,347.68738681748465,97.33,4.83,0.9804,1,98,30.333333333333332,88.43333333333334,48.861411970318784,2.352844251786936,entire_place,Superhost Status; Highly Rated (11x); Great Location; WiFi Available; Full Kitchen; Parking Available; Well Equipped; Quick Response; Will Return (7x); Very Clean,Overpriced,[Pricing]: Consider lowering price - currently above market,Airbnb Resource Center | HostIQ Analysis
10970918,27798340,"Paris, Ile-de-France, France",1,23,17,6,0.76,4.77,5.0,4.91,5.0,4.64,318.0,175.64900511898122,-142.35,5.0,0.7,0,100,24.0,86.5,48.86775,2.34495,entire_place,Highly Rated (6x); Great Location; WiFi Available; Full Kitchen; Quick Response,No issues identified,[Pricing]: Consider raising price - currently undervalued,Airbnb Resource Center | HostIQ Analysis
11545087,855571632780578214,"Paris, Ile-de-France, France",1,16,12,4,0.754,5.0,4.91,4.85,5.0,4.55,157.36,382.882880989776,225.52,4.94,0.6952,0,100,20.0,75.2,48.8838,2.36673,entire_place,Highly Rated (4x); Great Location; WiFi Available; Full Kitchen; Quick Response,Overpriced,[Cleanliness]: Improve cleaning standards between guests || [Pricing]: Consider lowering price - currently above market,Airbnb Resource Center | HostIQ Analysis
11658690,1083095368687612865,"Paris, Ile-de-France, France",1,11,8,3,0.741,4.78,4.95,4.97,5.0,4.73,403.77,502.0059444559029,98.24,4.82,0.6856,0,100,53.0,74.4,48.8731,2.3547,entire_place,Highly Rated (3x); WiFi Available; Full Kitchen; Parking Available; Well Equipped; Quick Response,Overpriced,[Cleanliness]: Improve cleaning standards between guests || [Pricing]: Consider lowering price - currently above market,Airbnb Resource Center | HostIQ Analysis
11961861,20313940,"Paris, Ile-de-France, France",1,95,94,1,0.993,4.82,5.0,5.0,5.0,4.9,290.0,545.5523833338987,255.55,4.93,0.9944,1,100,25.0,70.3,48.86423,2.36099,entire_place,Superhost Status; Highly Rated (28x); WiFi Available; Air Conditioning; Full Kitchen; Quick Response; Will Return (19x); Very Clean,Overpriced,[Pricing]: Consider lowering price - currently above market,Airbnb Resource Center | HostIQ Analysis
12004186,16349315,"Paris, Ile-de-France, France",1,79,78,1,0.988,5.0,4.9,4.96,4.9,4.87,189.46,415.03864732252976,225.58,4.88,0.9904,1,100,31.0,74.1,48.87112901051115,2.351395562977885,entire_place,Superhost Status; Highly Rated (23x); WiFi Available; Full Kitchen; Parking Available; Well Equipped; Quick Response; Will Return (15x); Very Clean,Overpriced,[Pricing]: Consider lowering price - currently above market,Airbnb Resource Center | HostIQ Analysis
13731705,17874457,"Paris, Ile-de-France, France",1,93,92,1,0.992,5.0,4.91,5.0,5.0,4.8,231.0,436.4849091763134,205.48,4.92,0.9936,1,100,17.0,75.2,48.85526,2.32694,entire_place,Superhost Status; Highly Rated (27x); Great Location; WiFi Available; Full Kitchen; Quick Response; Will Return (18x); Very Clean,Overpriced,[Pricing]: Consider lowering price - currently above market || [Amenities]: Add more amenities,Airbnb Resource Center | HostIQ Analysis
13965074,50320846,"Paris, Ile-de-France, France",1,66,48,18,0.735,5.0,4.62,4.7,5.0,4.81,103.34,358.7961074112776,255.46,4.76,0.6808000000000001,0,100,43.0,63.6,48.84383,2.32239,entire_place,WiFi Available; Full Kitchen; Parking Available; Well Equipped; Quick Response,Overpriced,[Cleanliness]: Improve cleaning standards between guests || [Pricing]: Consider lowering price - currently above market,Airbnb Resource Center | HostIQ Analysis
14015494,8631590,"Paris, Ile-de-France, France",1,74,70,4,0.956,4.35,4.86,4.52,4.85,4.67,114.37,602.7352466908153,488.37,4.58,0.9664,1,100,31.0,75.6,48.85823,2.37424,unique_stay,Superhost Status; Great Location; WiFi Available; Full Kitchen; Parking Available; Well Equipped; Quick Response; Will Return (14x); Very Clean,Overpriced,[Pricing]: Consider lowering price - currently above market,Airbnb Resource Center | HostIQ Analysis
14114357,25256444,"Paris, Ile-de-France, France",1,102,101,1,0.992,4.92,4.88,4.98,4.98,4.54,125.0,244.68971381490033,119.69,4.92,0.9936,1,100,30.0,74.4,48.86442,2.36856,entire_place,Superhost Status; Highly Rated (30x); WiFi Available; Full Kitchen; Well Equipped; Quick Response; Will Return (20x); Very Clean,Overpriced,[Pricing]: Consider lowering price - currently above market,Airbnb Resource Center | HostIQ Analysis
15038055,971596620411993159,"Paris, Ile-de-France, France",1,2,1,1,0.698,4.52,4.49,4.33,4.61,4.45,168.52,539.6796321043562,371.16,4.4,0.6520000000000001,0,100,17.0,74.8,48.86329,2.37266,entire_place,WiFi Available; Full Kitchen; Quick Response,Below Average Rating; Overpriced,[Cleanliness]: Improve cleaning standards between guests || [Pricing]: Consider lowering price - currently above market || [Amenities]: Add more amenities || [Quality]: Focus on guest experience for Superhost status,Airbnb Resource Center | HostIQ Analysis
15340463,1047096309299360962,"Paris, Ile-de-France, France",1,86,85,1,0.997,4.84,5.0,5.0,5.0,4.82,374.71,598.816629836006,224.11,4.97,0.9976,1,100,48.0,74.0,48.8433,2.3385,entire_place,Superhost Status; Highly Rated (25x); WiFi Available; Air Conditioning; Full Kitchen; Parking Available; Well Equipped; Quick Response; Will Return (17x); Very Clean,Overpriced,[Pricing]: Consider lowering price - currently above market,Airbnb Resource Center | HostIQ Analysis
15809233,50952771,"Paris, Ile-de-France, France",1,12,8,4,0.71,4.57,4.59,4.49,4.65,4.48,97.6,280.018004383174,182.42,4.52,0.6616,0,100,39.0,75.0,48.85216,2.37818,entire_place,Great Location; Full Kitchen; Parking Available; Well Equipped; Quick Response,Overpriced; WiFi Issues,[Cleanliness]: Improve cleaning standards between guests || [Pricing]: Consider lowering price - currently above market || [Quality]: Focus on guest experience for Superhost status,Airbnb Resource Center | HostIQ Analysis
16178295,24463776; 7007537; 1049080444305397236,"Paris, Ile-de-France, France",3,116,82,34,0.713,4.82,4.79,4.71,4.78,4.45,152.90333333333334,475.762490860147,322.86,4.55,0.6639999999999999,0,100,33.333333333333336,70.89999999999999,48.8390802270447,2.3373623054094375,entire_place,WiFi Available; Full Kitchen; Parking Available; Well Equipped; Quick Response,Overpriced,[Cleanliness]: Improve cleaning standards between guests || [Pricing]: Consider lowering price - currently above market || [Quality]: Focus on guest experience for Superhost status,Airbnb Resource Center | HostIQ Analysis
16207679,1030343727622587887,"Paris, Ile-de-France, France",1,22,21,1,0.998,5.0,4.85,5.0,5.0,4.93,229.64,243.56973090019625,13.93,4.98,0.9984000000000002,1,100,39.0,86.4,48.86586264403496,2.346663862671249,entire_place,Superhost Status; Highly Rated (6x); Great Location; WiFi Available; Full Kitchen; Well Equipped; Quick Response; Will Return (4x); Very Clean,No issues identified,Keep up the great work!,Airbnb Resource Center | HostIQ Analysis
16405217,52099881,"Paris, Ile-de-France, France",1,32,22,10,0.718,5.0,4.84,4.86,5.0,4.53,172.0,417.6536945202653,245.65,4.8,0.657,0,91,25.0,74.3,48.87817,2.35564,entire_place,Highly Rated (9x); WiFi Available; Full Kitchen,Overpriced,[Cleanliness]: Improve cleaning standards between guests || [Pricing]: Consider lowering price - currently above market,Airbnb Resource Center | HostIQ Analysis
16542312,716061479538587256,"Paris, Ile-de-France, France",1,19,18,1,0.967,4.87,4.62,4.62,4.85,4.51,459.29,621.4797248352563,162.19,4.68,0.9744,1,100,54.0,74.3,48.85942,2.37505,entire_place,Superhost Status; WiFi Available; Full Kitchen; Well Equipped; Quick Response; Will Return (3x); Very Clean,Overpriced,[Pricing]: Consider lowering price - currently above market,Airbnb Resource Center | HostIQ Analysis
16675285,787028365819778757,"Paris, Ile-de-France, France",3,51,49,2,0.97,5.0,4.93,4.88,5.0,4.75,204.08,311.44249286180786,107.36,4.94,0.9652,1,90,42.0,75.13333333333334,48.84173227207379,2.324542962058586,entire_place,Superhost Status; Highly Rated (15x); Great Location; WiFi Available; Full Kitchen; Parking Available; Well Equipped; Will Return (10x); Very Clean,Overpriced,[Pricing]: Consider lowering price - currently above market,Airbnb Resource Center | HostIQ Analysis
17768562,50745918,"Paris, Ile-de-France, France",1,12,9,3,0.76,4.91,5.0,5.0,5.0,4.61,150.0,371.6352502289275,221.64,5.0,0.7,0,100,34.0,75.5,48.87654445035295,2.341890004418879,entire_place,Highly Rated (3x); Great Location; WiFi Available; Full Kitchen; Well Equipped; Quick Response,Overpriced,[Pricing]: Consider lowering price - currently above market,Airbnb Resource Center | HostIQ Analysis
18381934,844902266320666166,"Paris, Ile-de-France, France",1,13,9,4,0.752,5.0,4.73,5.0,4.96,4.94,137.79,474.0328372678018,336.24,4.92,0.6936,0,100,40.0,75.1,48.8775,2.3534,entire_place,Highly Rated (3x); Great Location; WiFi Available; Air Conditioning; Full Kitchen; Parking Available; Well Equipped; Quick Response,Overpriced,[Cleanliness]: Improve cleaning standards between guests || [Pricing]: Consider lowering price - currently above market,Airbnb Resource Center | HostIQ Analysis
18734978,27387680,"Paris, Ile-de-France, France",1,43,29,14,0.693,4.6,4.54,4.43,4.48,4.54,130.14,390.4845341704936,260.34,4.36,0.6488,0,100,46.0,75.8,48.87192,2.36701,entire_place,Great Location; WiFi Available; Full Kitchen; Parking Available; Well Equipped; Quick Response,Below Average Rating; Overpriced,[Cleanliness]: Improve cleaning standards between guests || [Pricing]: Consider lowering price - currently above market || [Quality]: Focus on guest experience for Superhost status,Airbnb Resource Center | HostIQ Analysis
19502321,677480542246461048,"Paris, Ile-de-France, France",1,3,1,2,0.618,4.59,4.3,4.41,4.44,3.94,765.0,659.3372461899207,-105.66,4.33,0.5564,0,70,43.0,56.3,48.83668,2.34601,entire_place,WiFi Available; Full Kitchen; Well Equipped,Cleanliness Issues; Below Average Rating; Slow Response; Remote Location,[Cleanliness]: Improve cleaning standards between guests || [Pricing]: Consider raising price - currently undervalued || [Communication]: Improve response time || [Quality]: Focus on guest experience for Superhost status,Airbnb Resource Center | HostIQ Analysis
19850326,4698776,"Paris, Ile-de-France, France",1,135,95,40,0.709,4.41,4.57,4.46,4.65,4.53,188.59,477.0105582154356,288.42,4.51,0.6608,0,100,22.0,75.3,48.84706,2.37772,entire_place,Great Location; WiFi Available; Full Kitchen; Parking Available; Quick Response,Overpriced,[Cleanliness]: Improve cleaning standards between guests || [Pricing]: Consider lowering price - currently above market || [Quality]: Focus on guest experience for Superhost status,Airbnb Resource Center | HostIQ Analysis
20073379,1095839091884665133,"Paris, Ile-de-France, France",2,6,5,1,0.971,4.56,4.56,4.68,4.75,4.71,452.06,547.9190826595911,95.86,4.72,0.9776,1,100,36.0,74.8,48.856,2.3665,entire_place,Superhost Status; WiFi Available; Full Kitchen; Well Equipped; Quick Response; Will Return (1x); Very Clean,Overpriced,[Pricing]: Consider lowering price - currently above market,Airbnb Resource Center | HostIQ Analysis
20858683,17316722,"Paris, Ile-de-France, France",1,2,1,1,0.656,4.1,4.26,3.96,4.07,3.74,116.0,547.1019488164777,431.1,4.0,0.6200000000000001,0,100,9.0,74.1,48.85871,2.37541,entire_place,WiFi Available; Full Kitchen; Quick Response,Below Average Rating; Overpriced; Limited Amenities,[Cleanliness]: Improve cleaning standards between guests || [Pricing]: Consider lowering price - currently above market || [Amenities]: Add more amenities || [Quality]: Focus on guest experience for Superhost status,Airbnb Resource Center | HostIQ Analysis
21032667,744943509733187628,"Paris, Ile-de-France, France",1,11,8,3,0.751,4.71,4.91,4.89,5.0,4.62,270.51,322.2602772689396,51.75,4.91,0.6928000000000001,0,100,48.0,75.6,48.87218412464673,2.368280497582975,entire_place,Highly Rated (3x); Great Location; WiFi Available; Full Kitchen; Parking Available; Well Equipped; Quick Response,Overpriced,[Cleanliness]: Improve cleaning standards between guests || [Pricing]: Consider lowering price - currently above market,Airbnb Resource Center | HostIQ Analysis
21141198,12757763,"Paris, Ile-de-France, France",1,188,187,1,0.997,4.79,5.0,4.99,5.0,5.0,184.14,276.49377893602104,92.35,4.97,0.9976,1,100,18.0,73.9,48.86668,2.35398,entire_place,Superhost Status; Highly Rated (56x); WiFi Available; Full Kitchen; Quick Response; Will Return (37x); Very Clean,Overpriced,[Pricing]: Consider lowering price - currently above market || [Amenities]: Add more amenities,Airbnb Resource Center | HostIQ Analysis
21630783,5752590; 23430594; 21692517; 8729696,"Paris, Ile-de-France, France",4,116,76,40,0.659,4.52,4.52,4.45,4.56,4.47,371.91,501.469701767218,129.56,4.54,0.5972,0,78,29.75,71.075,48.857035,2.3338975,entire_place,WiFi Available; Full Kitchen,Cleanliness Issues; Slow Response; Overpriced,[Cleanliness]: Improve cleaning standards between guests || [Pricing]: Consider lowering price - currently above market || [Communication]: Improve response time || [Quality]: Focus on guest experience for Superhost status,Airbnb Resource Center | HostIQ Analysis
22563088,47574663; 6234587,"Paris, Ile-de-France, France",2,705,504,201,0.716,4.41,4.45,4.55,4.64,4.59,466.13,872.161208318598,406.03,4.58,0.6664000000000001,0,100,44.0,82.75,48.860985,2.336715,entire_place,Great Location; WiFi Available; Air Conditioning; Full Kitchen; Parking Available; Well Equipped; Quick Response,Overpriced,[Cleanliness]: Improve cleaning standards between guests || [Pricing]: Consider lowering price - currently above market || [Quality]: Focus on guest experience for Superhost status,Airbnb Resource Center | HostIQ Analysis
24294779,4744058,"Paris, Ile-de-France, France",1,171,126,45,0.738,4.84,5.0,4.81,4.79,4.63,344.47,751.1767280219742,406.71,4.79,0.6832,0,100,11.0,73.9,48.85722,2.33785,entire_place,WiFi Available; Air Conditioning; Full Kitchen; Quick Response,Overpriced; Limited Amenities,[Cleanliness]: Improve cleaning standards between guests || [Pricing]: Consider lowering price - currently above market || [Amenities]: Add more amenities,Airbnb Resource Center | HostIQ Analysis
24508929,1101303677021001185; 1091353464944459736,"Paris, Ile-de-France, France",2,45,44,1,0.986,4.83,5.0,4.83,5.0,4.95,214.92,288.4224984213163,73.5,4.87,0.9896,1,100,24.5,77.6,48.8561,2.35185,entire_place,Superhost Status; Highly Rated (13x); Great Location; WiFi Available; Full Kitchen; Quick Response; Will Return (9x); Very Clean,Overpriced,[Pricing]: Consider lowering price - currently above market,Airbnb Resource Center | HostIQ Analysis
26397147,5108396,"Paris, Ile-de-France, France",2,286,282,4,0.988,4.73,5.0,4.93,5.0,4.64,440.485,389.11661960892104,-51.37,4.88,0.9904,1,100,25.0,89.2,48.872,2.35956,entire_place,Superhost Status; Highly Rated (85x); Great Location; WiFi Available; Full Kitchen; Parking Available; Quick Response; Will Return (57x); Very Clean,No issues identified,[Pricing]: Consider raising price - currently undervalued,Airbnb Resource Center | HostIQ Analysis
26959906,5211416,"Paris, Ile-de-France, France",1,53,33,20,0.626,4.68,4.78,5.0,5.0,4.93,191.9,238.31949556442288,46.42,4.87,0.5396,0,50,30.0,75.7,48.8598,2.3788,entire_place,Highly Rated (15x); Great Location; WiFi Available; Full Kitchen; Well Equipped,Cleanliness Issues; Slow Response,[Cleanliness]: Improve cleaning standards between guests || [Pricing]: Consider lowering price - currently above market || [Communication]: Improve response time,Airbnb Resource Center | HostIQ Analysis
26990366,1030562130853787821,"Paris, Ile-de-France, France",1,1,0,1,0.76,4.96,5.0,5.0,5.0,4.73,339.62,806.7640397066837,467.14,5.0,0.7,0,100,46.0,75.2,48.861,2.3803,entire_place,Highly Rated (0x); Great Location; WiFi Available; Full Kitchen; Well Equipped; Quick Response,Overpriced,[Pricing]: Consider lowering price - currently above market,Airbnb Resource Center | HostIQ Analysis
27176318,1066056159357621770,"Paris, Ile-de-France, France",2,6,4,2,0.712,4.85,4.87,5.0,5.0,4.88,362.8,404.15590848335825,41.36,5.0,0.64,0,80,5.0,90.1,48.86620086959349,2.358975339851398,entire_place,Highly Rated (1x); Great Location; WiFi Available; Full Kitchen,Limited Amenities,[Cleanliness]: Improve cleaning standards between guests || [Pricing]: Consider lowering price - currently above market || [Communication]: Improve response time || [Amenities]: Add more amenities,Airbnb Resource Center | HostIQ Analysis
27263973,37880435,"Paris, Ile-de-France, France",1,115,112,3,0.98,4.68,4.77,4.97,5.0,4.72,375.47,509.5654992819358,134.1,4.81,0.9848,1,100,50.0,85.5,48.8587,2.3503,entire_place,Superhost Status; Highly Rated (34x); Great Location; WiFi Available; Full Kitchen; Parking Available; Well Equipped; Quick Response; Will Return (23x); Very Clean,Overpriced,[Pricing]: Consider lowering price - currently above market,Airbnb Resource Center | HostIQ Analysis
28284294,933097140796606465,"Paris, Ile-de-France, France",1,38,37,1,0.979,4.91,4.61,4.75,4.97,4.83,254.0,470.415821748176,216.42,4.8,0.984,1,100,34.0,75.1,48.8349,2.3487,entire_place,Superhost Status; Highly Rated (11x); Great Location; WiFi Available; Full Kitchen; Parking Available; Well Equipped; Quick Response; Will Return (7x); Very Clean,Overpriced,[Pricing]: Consider lowering price - currently above market,Airbnb Resource Center | HostIQ Analysis
30620999,1131546755764000738,"Paris, Ile-de-France, France",1,13,9,4,0.729,4.71,4.56,4.79,4.8,4.66,137.79,98.28422490958374,-39.51,4.7,0.676,0,100,14.0,75.6,48.86017054004144,2.310657614951714,private_room,Great Location; WiFi Available; Air Conditioning; Full Kitchen; Quick Response,Limited Amenities,[Cleanliness]: Improve cleaning standards between guests || [Amenities]: Add more amenities,Airbnb Resource Center | HostIQ Analysis
30761202,21223351,"Paris, Ile-de-France, France",1,39,28,11,0.736,4.71,4.72,4.95,4.9,4.54,231.05,354.46481919237283,123.41,4.77,0.6816,0,100,26.0,75.5,48.86373,2.35459,entire_place,Great Location; WiFi Available; Full Kitchen; Quick Response,Overpriced,[Cleanliness]: Improve cleaning standards between guests || [Pricing]: Consider lowering price - currently above market,Airbnb Resource Center | HostIQ Analysis
32370794,992797316026832361,"Paris, Ile-de-France, France",1,8,5,3,0.748,4.77,5.0,4.84,5.0,4.83,624.06,596.8949311262403,-27.17,4.88,0.6904,0,100,45.0,89.4,48.8639,2.3573,entire_place,Highly Rated (2x); Great Location; WiFi Available; Full Kitchen; Well Equipped; Quick Response,No issues identified,[Cleanliness]: Improve cleaning standards between guests,Airbnb Resource Center | HostIQ Analysis
33375651,639885081245760540,"Paris, Ile-de-France, France",1,86,83,3,0.97,4.94,4.69,4.84,4.82,4.84,248.59,526.6422138338913,278.05,4.71,0.9768,1,100,34.0,75.5,48.8618,2.3413,entire_place,Superhost Status; Great Location; WiFi Available; Full Kitchen; Parking Available; Well Equipped; Quick Response; Will Return (17x); Very Clean,Overpriced,[Pricing]: Consider lowering price - currently above market,Airbnb Resource Center | HostIQ Analysis
34605063,942717054581788258,"Paris, Ile-de-France, France",1,6,4,2,0.69,4.24,4.36,4.28,4.44,4.13,324.24,650.3109165724447,326.07,4.33,0.6464000000000001,0,100,23.0,75.6,48.8489,2.3687,entire_place,Great Location; Full Kitchen; Quick Response,Below Average Rating; Overpriced; WiFi Issues,[Cleanliness]: Improve cleaning standards between guests || [Pricing]: Consider lowering price - currently above market || [Quality]: Focus on guest experience for Superhost status,Airbnb Resource Center | HostIQ Analysis
35265386,6857305,"Paris, Ile-de-France, France",1,66,48,18,0.729,4.64,4.57,4.88,4.98,4.39,191.9,510.23916890141504,318.34,4.7,0.676,0,100,33.0,74.6,48.88267,2.36839,entire_place,WiFi Available; Full Kitchen; Parking Available; Well Equipped; Quick Response,Overpriced,[Cleanliness]: Improve cleaning standards between guests || [Pricing]: Consider lowering price - currently above market,Airbnb Resource Center | HostIQ Analysis
35622410,8397019,"Paris, Ile-de-France, France",1,215,212,3,0.989,4.94,4.76,4.89,4.92,4.85,263.0,74.17358268239903,-188.83,4.89,0.9912,1,100,21.0,73.9,48.85652,2.37471,entire_place,Superhost Status; Highly Rated (64x); WiFi Available; Full Kitchen; Parking Available; Quick Response; Will Return (43x); Very Clean,No issues identified,[Pricing]: Consider raising price - currently undervalued,Airbnb Resource Center | HostIQ Analysis
35703414,922305187538410260,"Paris, Ile-de-France, France",1,35,34,1,0.992,4.99,4.98,5.0,5.0,4.87,516.7,776.0685444637223,259.37,4.92,0.9936,1,100,56.0,67.9,48.8402,2.3334,entire_place,Superhost Status; Highly Rated (10x); WiFi Available; Air Conditioning; Full Kitchen; Parking Available; Well Equipped; Quick Response; Will Return (7x); Very Clean,Overpriced,[Pricing]: Consider lowering price - currently above market,Airbnb Resource Center | HostIQ Analysis
35837917,6838781,"Paris, Ile-de-France, France",2,274,200,74,0.733,4.78,4.58,4.94,4.77,4.45,107.95,147.74851659855028,39.8,4.74,0.6792,0,100,22.0,83.6,48.8727,2.34717,unique_stay,Great Location; WiFi Available; Full Kitchen; Parking Available; Quick Response,No issues identified,[Cleanliness]: Improve cleaning standards between guests || [Pricing]: Consider lowering price - currently above market,Airbnb Resource Center | HostIQ Analysis
36377252,860144682682633827,"Paris, Ile-de-France, France",1,9,6,3,0.749,5.0,4.92,4.85,4.98,4.65,150.18,299.2767947880115,149.1,4.89,0.6912,0,100,11.0,75.4,48.85447432574367,2.374501141841372,entire_place,Highly Rated (2x); Great Location; WiFi Available; Full Kitchen; Quick Response,Overpriced; Limited Amenities,[Cleanliness]: Improve cleaning standards between guests || [Pricing]: Consider lowering price - currently above market || [Amenities]: Add more amenities,Airbnb Resource Center | HostIQ Analysis
36649073,684481901044002316,"Paris, Ile-de-France, France",1,21,13,8,0.622,4.88,4.85,4.85,4.85,4.74,116.0,589.2851010375521,473.29,4.83,0.5364,0,50,17.0,73.9,48.85834,2.37432,entire_place,Highly Rated (6x); WiFi Available; Full Kitchen,Cleanliness Issues; Slow Response; Overpriced,[Cleanliness]: Improve cleaning standards between guests || [Pricing]: Consider lowering price - currently above market || [Communication]: Improve response time || [Amenities]: Add more amenities,Airbnb Resource Center | HostIQ Analysis
38136761,15370524,"Paris, Ile-de-France, France",2,46,34,12,0.756,5.0,5.0,5.0,5.0,4.7,294.265,90.07102179210156,-204.19,4.96,0.6968000000000001,0,100,38.0,75.0,48.8617,2.3746,entire_place,Highly Rated (13x); Great Location; WiFi Available; Full Kitchen; Parking Available; Well Equipped; Quick Response,No issues identified,[Cleanliness]: Improve cleaning standards between guests || [Pricing]: Consider raising price - currently undervalued,Airbnb Resource Center | HostIQ Analysis
40038394,981788918854763014,"Paris, Ile-de-France, France",1,7,5,2,0.76,4.9,5.0,5.0,5.0,5.0,559.25,316.4499851416648,-242.8,5.0,0.7,0,100,44.0,74.5,48.87232,2.36319,entire_place,Highly Rated (2x); WiFi Available; Full Kitchen; Parking Available; Well Equipped; Quick Response,No issues identified,[Pricing]: Consider raising price - currently undervalued,Airbnb Resource Center | HostIQ Analysis
40491024,35727556,"Paris, Ile-de-France, France",2,46,46,0,1.0,4.91,5.0,5.0,5.0,4.9,218.16,391.22965085859767,173.07,5.0,1.0,1,100,57.0,75.05000000000001,48.8737,2.3518,entire_place,Superhost Status; Highly Rated (13x); Great Location; WiFi Available; Air Conditioning; Full Kitchen; Well Equipped; Quick Response; Will Return (9x); Very Clean,Overpriced,[Pricing]: Consider lowering price - currently above market,Airbnb Resource Center | HostIQ Analysis
42413128,8032766,"Paris, Ile-de-France, France",1,107,77,30,0.725,4.58,4.58,4.65,4.91,4.43,148.84,379.6013009494933,230.76,4.66,0.6728000000000001,0,100,30.0,75.6,48.86045,2.36002,entire_place,Great Location; WiFi Available; Full Kitchen; Well Equipped; Quick Response,Overpriced,[Cleanliness]: Improve cleaning standards between guests || [Pricing]: Consider lowering price - currently above market || [Quality]: Focus on guest experience for Superhost status,Airbnb Resource Center | HostIQ Analysis
43165461,916384800669857974,"Paris, Ile-de-France, France",1,3,2,1,0.751,5.0,4.96,4.91,4.96,5.0,124.0,443.43170459662787,319.43,4.91,0.6928000000000001,0,100,29.0,68.1,48.8562,2.3624,entire_place,Highly Rated (0x); WiFi Available; Full Kitchen; Quick Response,Overpriced,[Cleanliness]: Improve cleaning standards between guests || [Pricing]: Consider lowering price - currently above market,Airbnb Resource Center | HostIQ Analysis
44056029,8358228,"Paris, Ile-de-France, France",1,45,34,11,0.76,4.74,4.91,4.95,5.0,4.86,629.0,384.53784717559904,-244.46,5.0,0.7,0,100,47.0,86.8,48.86725,2.33483,entire_place,Highly Rated (13x); Great Location; WiFi Available; Full Kitchen; Parking Available; Well Equipped; Quick Response,No issues identified,[Pricing]: Consider raising price - currently undervalued,Airbnb Resource Center | HostIQ Analysis
44114874,636860127174231482,"Paris, Ile-de-France, France",1,16,11,5,0.734,4.58,4.97,4.69,5.0,4.66,198.0,318.46321734033825,120.46,4.75,0.6799999999999999,0,100,29.0,73.8,48.8501,2.3529,entire_place,Full Kitchen; Parking Available; Quick Response,Overpriced; WiFi Issues,[Cleanliness]: Improve cleaning standards between guests || [Pricing]: Consider lowering price - currently above market,Airbnb Resource Center | HostIQ Analysis
47331392,994835099986963495,"Paris, Ile-de-France, France",1,21,15,6,0.76,5.0,5.0,5.0,5.0,4.7,116.46,261.274149255475,144.81,5.0,0.7,0,100,19.0,74.2,48.86940296279705,2.371906564032434,entire_place,Highly Rated (6x); WiFi Available; Full Kitchen; Quick Response,Overpriced,[Pricing]: Consider lowering price - currently above market || [Amenities]: Add more amenities,Airbnb Resource Center | HostIQ Analysis
47524898,1141235520673622434,"Paris, Ile-de-France, France",1,76,74,2,0.978,4.62,4.69,4.74,4.82,4.55,95.31,366.71493543710983,271.4,4.79,0.9832,1,100,30.0,75.6,48.85505,2.38333,entire_place,Superhost Status; Great Location; WiFi Available; Full Kitchen; Well Equipped; Quick Response; Will Return (15x); Very Clean,Overpriced,[Pricing]: Consider lowering price - currently above market,Airbnb Resource Center | HostIQ Analysis
48760096,43027283,"Paris, Ile-de-France, France",1,73,71,2,0.98,5.0,4.83,4.83,5.0,4.81,139.65,131.03901948111448,-8.61,4.81,0.9848,1,100,38.0,74.1,48.88349,2.36243,entire_place,Superhost Status; Highly Rated (21x); WiFi Available; Full Kitchen; Parking Available; Well Equipped; Quick Response; Will Return (14x); Very Clean,No issues identified,Keep up the great work!,Airbnb Resource Center | HostIQ Analysis
50049238,1281836180574325141,"Paris, Ile-de-France, France",1,1,0,1,0.56,3.95,3.9,4.19,4.29,3.68,129.0,595.172237880462,466.17,4.0,0.5,0,60,19.0,86.6,48.86499939172683,2.34428087878258,entire_place,Great Location; WiFi Available; Full Kitchen,Cleanliness Issues; Below Average Rating; Slow Response; Overpriced,[Cleanliness]: Improve cleaning standards between guests || [Pricing]: Consider lowering price - currently above market || [Communication]: Improve response time || [Amenities]: Add more amenities || [Quality]: Focus on guest experience for Superhost status,Airbnb Resource Center | HostIQ Analysis
50502817,928851697118320254; 937582523986736489; 1163515424427570144; 1080347030003957452,"Paris, Ile-de-France, France",6,63,44,19,0.707,4.4,4.46,4.49,4.55,4.38,198.52166666666668,541.849704299591,343.33,4.49,0.6592,0,100,24.666666666666668,49.333333333333336,48.84777288223338,2.336733282880663,entire_place,WiFi Available; Full Kitchen; Quick Response,Below Average Rating; Remote Location; Overpriced,[Cleanliness]: Improve cleaning standards between guests || [Pricing]: Consider lowering price - currently above market || [Quality]: Focus on guest experience for Superhost status,Airbnb Resource Center | HostIQ Analysis
50978178,818056067401997330; 984688954199373851; 39193190; 20098499; 39192536...,"Paris, Ile-de-France, France",46,1650,1064,586,0.645,4.27,4.06,4.16,4.34,4.11,283.71173913043475,440.42040522151177,156.71,4.22,0.5956,0,86,19.60869565217391,78.09782608695652,48.86226341620647,2.342604936715045,entire_place,Great Location; WiFi Available; Full Kitchen,Cleanliness Issues; Below Average Rating; Overpriced,[Cleanliness]: Improve cleaning standards between guests || [Pricing]: Consider lowering price - currently above market || [Communication]: Improve response time || [Amenities]: Add more amenities || [Quality]: Focus on guest experience for Superhost status,Airbnb Resource Center | HostIQ Analysis
51567288,1104176013499574988; 1104173732967898773; 53286084; 544165548715558681; 719378129299322452...,"Paris, Ile-de-France, France",14,518,364,154,0.703,4.41,4.66,4.59,4.72,4.51,444.4557142857143,523.5810139263696,79.13,4.45,0.656,0,100,37.92857142857143,75.61428571428571,48.86601327003291,2.3410099194761833,entire_place,Great Location; WiFi Available; Full Kitchen; Well Equipped; Quick Response,Below Average Rating; Overpriced,[Cleanliness]: Improve cleaning standards between guests || [Pricing]: Consider lowering price - currently above market || [Quality]: Focus on guest experience for Superhost status,Airbnb Resource Center | HostIQ Analysis
53323515,18132057; 18132748,"Paris, Ile-de-France, France",2,47,46,1,0.989,4.91,4.75,4.86,5.0,4.7,739.0,455.4684181610802,-283.53,4.89,0.9912,1,100,27.0,74.35,48.8567,2.3419,entire_place,Superhost Status; Highly Rated (14x); WiFi Available; Air Conditioning; Full Kitchen; Quick Response; Will Return (9x); Very Clean,No issues identified,[Pricing]: Consider raising price - currently undervalued,Airbnb Resource Center | HostIQ Analysis
57732148,13042208,"Paris, Ile-de-France, France",1,21,15,6,0.732,4.82,4.86,4.64,5.0,4.9,432.76,636.6350875832211,203.88,4.73,0.6784000000000001,0,100,28.0,74.9,48.88297,2.36003,entire_place,WiFi Available; Full Kitchen; Quick Response,Overpriced,[Cleanliness]: Improve cleaning standards between guests || [Pricing]: Consider lowering price - currently above market,Airbnb Resource Center | HostIQ Analysis
57765537,755671755081695745,"Paris, Ile-de-France, France",1,157,154,3,0.982,5.0,5.0,4.94,5.0,4.46,246.34,240.55340023202544,-5.79,4.83,0.9864,1,100,35.0,75.3,48.8692,2.3549,entire_place,Superhost Status; Highly Rated (47x); Great Location; WiFi Available; Full Kitchen; Well Equipped; Quick Response; Will Return (31x); Very Clean,No issues identified,Keep up the great work!,Airbnb Resource Center | HostIQ Analysis
58315168,1109185664052606831,"Paris, Ile-de-France, France",1,14,14,0,1.0,4.78,4.95,5.0,5.0,5.0,434.15,573.972778576529,139.82,5.0,1.0,1,100,25.0,74.7,48.85839976389477,2.364792018876807,entire_place,Superhost Status; Highly Rated (4x); WiFi Available; Full Kitchen; Quick Response; Will Return (2x); Very Clean,Overpriced,[Pricing]: Consider lowering price - currently above market,Airbnb Resource Center | HostIQ Analysis
58810407,40473430,"Paris, Ile-de-France, France",1,363,352,11,0.971,4.94,4.88,4.74,4.77,4.66,199.0,375.5614511031472,176.56,4.72,0.9776,1,100,18.0,74.0,48.86734,2.35386,entire_place,Superhost Status; WiFi Available; Full Kitchen; Quick Response; Will Return (72x); Very Clean,Overpriced,[Pricing]: Consider lowering price - currently above market || [Amenities]: Add more amenities,Airbnb Resource Center | HostIQ Analysis
59003029,14929010; 11312005,"Paris, Ile-de-France, France",2,141,98,43,0.702,4.32,4.76,4.44,4.53,4.12,337.65999999999997,917.4485780526092,579.79,4.51,0.6517999999999999,0,97,30.5,88.05,48.853015,2.345165,entire_place,Great Location; WiFi Available; Air Conditioning; Full Kitchen; Well Equipped; Quick Response,Overpriced,[Cleanliness]: Improve cleaning standards between guests || [Pricing]: Consider lowering price - currently above market || [Quality]: Focus on guest experience for Superhost status,Airbnb Resource Center | HostIQ Analysis
69907184,15947555,"Paris, Ile-de-France, France",2,760,745,15,0.981,5.0,4.87,4.97,4.87,4.61,119.11,78.90341985088918,-40.21,4.82,0.9856,1,100,42.0,74.25,48.85592,2.38086,private_room,Superhost Status; Highly Rated (228x); WiFi Available; Full Kitchen; Parking Available; Well Equipped; Quick Response; Will Return (152x); Very Clean,No issues identified,Keep up the great work!,Airbnb Resource Center | HostIQ Analysis
70765574,1261990363341407917,"Paris, Ile-de-France, France",1,14,9,5,0.697,4.36,4.58,4.57,4.57,4.49,65.0,345.11114319427634,280.11,4.39,0.6512,0,100,15.0,74.5,48.87027,2.36232,entire_place,Full Kitchen; Quick Response,Below Average Rating; Overpriced; WiFi Issues,[Cleanliness]: Improve cleaning standards between guests || [Pricing]: Consider lowering price - currently above market || [Amenities]: Add more amenities || [Quality]: Focus on guest experience for Superhost status,Airbnb Resource Center | HostIQ Analysis
71533056,664142102734230107,"Paris, Ile-de-France, France",1,24,23,1,0.988,5.0,4.9,4.98,5.0,5.0,172.0,121.99936629216046,-50.0,4.88,0.9904,1,100,42.0,75.3,48.8542,2.3651,entire_place,Superhost Status; Highly Rated (7x); Great Location; WiFi Available; Full Kitchen; Parking Available; Well Equipped; Quick Response; Will Return (4x); Very Clean,No issues identified,[Pricing]: Consider raising price - currently undervalued,Airbnb Resource Center | HostIQ Analysis
71681849,875302382893584111,"Paris, Ile-de-France, France",1,33,24,9,0.738,4.78,4.94,4.91,5.0,4.94,231.0,144.83499759501342,-86.17,4.79,0.6832,0,100,30.0,78.7,48.85762295068531,2.358015197407255,entire_place,Great Location; WiFi Available; Full Kitchen; Well Equipped; Quick Response,No issues identified,[Cleanliness]: Improve cleaning standards between guests || [Pricing]: Consider raising price - currently undervalued,Airbnb Resource Center | HostIQ Analysis
73485865,52562631,"Paris, Ile-de-France, France",1,48,35,13,0.74,4.62,5.0,4.8,4.95,4.74,213.0,451.7847501229688,238.78,4.81,0.6848000000000001,0,100,30.0,75.7,48.868,2.3551,entire_place,Highly Rated (14x); Great Location; WiFi Available; Full Kitchen; Well Equipped; Quick Response,Overpriced,[Cleanliness]: Improve cleaning standards between guests || [Pricing]: Consider lowering price - currently above market,Airbnb Resource Center | HostIQ Analysis
79299180,1166591570472592738,"Paris, Ile-de-France, France",2,84,59,25,0.708,4.62,4.64,4.47,4.75,4.2,340.69,581.2412951332235,240.55,4.5,0.66,0,100,27.0,63.75,48.84272920092661,2.323983079450691,entire_place,WiFi Available; Full Kitchen; Quick Response,Overpriced,[Cleanliness]: Improve cleaning standards between guests || [Pricing]: Consider lowering price - currently above market || [Quality]: Focus on guest experience for Superhost status,Airbnb Resource Center | HostIQ Analysis
80268956,1242619580824646028,"Paris, Ile-de-France, France",1,24,23,1,0.998,5.0,5.0,5.0,5.0,4.98,98.0,211.31425632008197,113.31,4.98,0.9984000000000002,1,100,27.0,75.0,48.8748,2.3599,private_room,Superhost Status; Highly Rated (7x); Great Location; WiFi Available; Full Kitchen; Quick Response; Will Return (4x); Very Clean,Overpriced,[Pricing]: Consider lowering price - currently above market,Airbnb Resource Center | HostIQ Analysis
81457001,935959220110718350,"Paris, Ile-de-France, France",1,23,17,6,0.741,4.53,4.76,4.91,5.0,4.61,408.94,402.862836325244,-6.08,4.82,0.6856,0,100,33.0,75.0,48.8565,2.368,entire_place,Highly Rated (6x); Great Location; WiFi Available; Full Kitchen; Well Equipped; Quick Response,No issues identified,[Cleanliness]: Improve cleaning standards between guests,Airbnb Resource Center | HostIQ Analysis
82503571,848295886715499272,"Paris, Ile-de-France, France",1,2,1,1,0.76,5.0,4.99,5.0,5.0,4.78,577.63,873.2684812504715,295.64,5.0,0.7,0,100,42.0,75.2,48.8776,2.345,entire_place,Highly Rated (0x); Great Location; WiFi Available; Full Kitchen; Parking Available; Well Equipped; Quick Response,Overpriced,[Pricing]: Consider lowering price - currently above market,Airbnb Resource Center | HostIQ Analysis
84188017,14643736,"Paris, Ile-de-France, France",1,95,92,3,0.973,4.9,4.86,4.9,4.87,4.49,206.0,365.9807299750323,159.98,4.74,0.9792,1,100,14.0,89.7,48.87054,2.35824,entire_place,Superhost Status; Great Location; WiFi Available; Full Kitchen; Quick Response; Will Return (19x); Very Clean,Overpriced; Limited Amenities,[Pricing]: Consider lowering price - currently above market || [Amenities]: Add more amenities,Airbnb Resource Center | HostIQ Analysis
89584510,916548506166106797,"Paris, Ile-de-France, France",1,2,1,1,0.76,4.83,5.0,5.0,5.0,4.67,206.68,627.4505387432697,420.77,5.0,0.7,0,100,29.0,75.2,48.86987,2.36521,entire_place,Highly Rated (0x); Great Location; WiFi Available; Full Kitchen; Quick Response,Overpriced,[Pricing]: Consider lowering price - currently above market,Airbnb Resource Center | HostIQ Analysis
90756218,23353402,"Paris, Ile-de-France, France",1,22,21,1,0.957,4.81,5.0,4.98,4.92,4.72,106.0,144.48551979999837,38.49,4.86,0.9528,1,88,12.0,77.6,48.84819,2.35105,private_room,Superhost Status; Highly Rated (6x); Great Location; WiFi Available; Will Return (4x); Very Clean,Limited Amenities,[Pricing]: Consider lowering price - currently above market || [Communication]: Improve response time || [Amenities]: Add more amenities,Airbnb Resource Center | HostIQ Analysis
93011789,22915152,"Paris, Ile-de-France, France",1,75,74,1,0.988,4.97,5.0,5.0,4.96,4.81,400.73,401.9411166702572,1.21,4.88,0.9904,1,100,47.0,74.6,48.86606965486517,2.36985907494796,entire_place,Superhost Status; Highly Rated (22x); WiFi Available; Full Kitchen; Well Equipped; Quick Response; Will Return (15x); Very Clean,No issues identified,Keep up the great work!,Airbnb Resource Center | HostIQ Analysis
95389398,19834415; 18818753; 44398311; 33417555; 1024755305892597719...,"Paris, Ile-de-France, France",12,1513,1083,430,0.716,4.86,4.68,4.64,4.75,4.47,343.2183333333333,619.0609607637848,275.84,4.58,0.6664000000000001,0,100,33.75,78.04166666666667,48.86891166666666,2.3496441666666668,entire_place,Great Location; WiFi Available; Air Conditioning; Full Kitchen; Parking Available; Well Equipped; Quick Response,Overpriced,[Cleanliness]: Improve cleaning standards between guests || [Pricing]: Consider lowering price - currently above market || [Quality]: Focus on guest experience for Superhost status,Airbnb Resource Center | HostIQ Analysis
98666478,28355862,"Paris, Ile-de-France, France",1,167,119,48,0.717,4.42,4.74,4.57,4.79,4.45,497.0,713.5617823616011,216.56,4.586471029088,0.66691768232704,0,100,31.0,68.2,48.845295,2.321352,hotel_room,WiFi Available; Air Conditioning; Parking Available; Well Equipped; Quick Response,Overpriced,[Cleanliness]: Improve cleaning standards between guests || [Pricing]: Consider lowering price - currently above market || [Quality]: Focus on guest experience for Superhost status,Airbnb Resource Center | HostIQ Analysis
99040006,1036135167953775316; 1086155714544902349; 50254231; 1118771917861764775,"Paris, Ile-de-France, France",4,148,104,44,0.704,4.29,4.6,4.53,4.55,4.44,418.48,538.1900165094614,119.71,4.46,0.6568,0,100,37.25,70.2,48.861925,2.351525,entire_place,WiFi Available; Full Kitchen; Parking Available; Well Equipped; Quick Response,Below Average Rating; Overpriced,[Cleanliness]: Improve cleaning standards between guests || [Pricing]: Consider lowering price - currently above market || [Quality]: Focus on guest experience for Superhost status,Airbnb Resource Center | HostIQ Analysis
99199946,20940292,"Paris, Ile-de-France, France",2,70,48,22,0.687,4.78,4.76,4.76,4.94,4.56,307.0,262.3300076277062,-44.67,4.76,0.6208,0,80,28.0,75.05,48.8681,2.3283,entire_place,Great Location; WiFi Available; Full Kitchen; Parking Available,No issues identified,[Cleanliness]: Improve cleaning standards between guests || [Pricing]: Consider raising price - currently undervalued || [Communication]: Improve response time,Airbnb Resource Center | HostIQ Analysis
104162342,1065256924419136906,"Paris, Ile-de-France, France",1,10,7,3,0.728,4.55,4.95,4.75,4.75,4.81,145.0,373.9868562622132,228.99,4.69,0.6752,0,100,24.0,74.3,48.83615841901548,2.355447358522256,entire_place,WiFi Available; Full Kitchen; Quick Response,Overpriced,[Cleanliness]: Improve cleaning standards between guests || [Pricing]: Consider lowering price - currently above market || [Quality]: Focus on guest experience for Superhost status,Airbnb Resource Center | HostIQ Analysis
110937072,685206765927231840,"Paris, Ile-de-France, France",1,45,44,1,0.996,5.0,5.0,4.87,5.0,4.58,287.06,403.4484801639176,116.39,4.96,0.9968,1,100,35.0,75.4,48.8618,2.3402,entire_place,Superhost Status; Highly Rated (13x); Great Location; WiFi Available; Full Kitchen; Well Equipped; Quick Response; Will Return (9x); Very Clean,Overpriced,[Pricing]: Consider lowering price - currently above market,Airbnb Resource Center | HostIQ Analysis
114325272,1165102624075873902,"Paris, Ile-de-France, France",1,10,5,5,0.544,4.72,5.0,4.93,5.0,4.93,109.08,271.14218836584854,162.06,5.0,0.43,0,10,3.0,74.1,48.86454,2.3721,entire_place,Highly Rated (3x); Full Kitchen,Cleanliness Issues; Slow Response; Overpriced; WiFi Issues; Limited Amenities,[Cleanliness]: Improve cleaning standards between guests || [Pricing]: Consider lowering price - currently above market || [Communication]: Improve response time || [Amenities]: Add more amenities,Airbnb Resource Center | HostIQ Analysis
118526516,977321902144631961,"Paris, Ile-de-France, France",1,66,47,19,0.72,4.42,4.79,4.81,4.77,4.74,114.37,249.5144982025361,135.14,4.62,0.6696,0,100,37.0,75.1,48.85781,2.37584,entire_place,Great Location; WiFi Available; Full Kitchen; Parking Available; Well Equipped; Quick Response,Overpriced,[Cleanliness]: Improve cleaning standards between guests || [Pricing]: Consider lowering price - currently above market || [Quality]: Focus on guest experience for Superhost status,Airbnb Resource Center | HostIQ Analysis
119422083,30955803,"Paris, Ile-de-France, France",1,165,113,52,0.686,4.5,4.72,4.72,4.72,4.74,56.93,356.96530127147753,300.04,4.63,0.6254,0,85,50.0,74.7,48.84094,2.35544,private_room,WiFi Available; Full Kitchen; Parking Available; Well Equipped,Overpriced,[Cleanliness]: Improve cleaning standards between guests || [Pricing]: Consider lowering price - currently above market || [Communication]: Improve response time || [Quality]: Focus on guest experience for Superhost status,Airbnb Resource Center | HostIQ Analysis
122522505,8148454; 51479606; 39206167; 1128124543947285665,"Paris, Ile-de-France, France",4,308,303,5,0.984,4.87,5.0,5.0,4.96,4.75,337.3875,418.6485206982549,81.26,4.85,0.988,1,100,31.5,78.6,48.864615,2.3483975,entire_place,Superhost Status; Highly Rated (92x); Great Location; WiFi Available; Full Kitchen; Parking Available; Well Equipped; Quick Response; Will Return (61x); Very Clean,Overpriced,[Pricing]: Consider lowering price - currently above market,Airbnb Resource Center | HostIQ Analysis
124957215,1105178389455153952,"Paris, Ile-de-France, France",1,11,6,5,0.631,5.0,4.92,4.97,5.0,4.76,198.52,257.69238866673817,59.17,4.91,0.5428000000000001,0,50,19.0,75.1,48.87094,2.35247,entire_place,Highly Rated (3x); Great Location; Full Kitchen,Cleanliness Issues; Slow Response; Overpriced; WiFi Issues,[Cleanliness]: Improve cleaning standards between guests || [Pricing]: Consider lowering price - currently above market || [Communication]: Improve response time || [Amenities]: Add more amenities,Airbnb Resource Center | HostIQ Analysis
131603369,1116551355007793100,"Paris, Ile-de-France, France",1,32,7,25,0.24,1.0,1.0,1.0,1.0,1.0,860.23,463.38799593518945,-396.84,0.0,0.3,0,100,29.0,81.6,48.85905685626722,2.364406434489466,entire_place,Great Location; WiFi Available; Full Kitchen; Quick Response,Cleanliness Issues; Below Average Rating,[Cleanliness]: Improve cleaning standards between guests || [Pricing]: Consider raising price - currently undervalued || [Quality]: Focus on guest experience for Superhost status,Airbnb Resource Center | HostIQ Analysis
136226760,19678339,"Paris, Ile-de-France, France",1,126,89,37,0.708,4.72,4.97,4.72,4.99,4.5,216.0,266.3237259021947,50.32,4.73,0.6484000000000001,0,90,12.0,65.0,48.8516,2.3471,entire_place,WiFi Available; Full Kitchen,Overpriced; Limited Amenities,[Cleanliness]: Improve cleaning standards between guests || [Pricing]: Consider lowering price - currently above market || [Amenities]: Add more amenities,Airbnb Resource Center | HostIQ Analysis
136864813,53551394,"Paris, Ile-de-France, France",1,14,13,1,0.993,5.0,5.0,5.0,5.0,5.0,196.0,257.860595046276,61.86,4.93,0.9944,1,100,39.0,75.7,48.85471,2.36726,entire_place,Superhost Status; Highly Rated (4x); Great Location; WiFi Available; Full Kitchen; Parking Available; Well Equipped; Quick Response; Will Return (2x); Very Clean,Overpriced,[Pricing]: Consider lowering price - currently above market,Airbnb Resource Center | HostIQ Analysis
146996034,1018800539663048716,"Paris, Ile-de-France, France",1,34,33,1,0.984,4.81,4.9,4.81,4.89,4.65,391.66,691.2528927493013,299.59,4.85,0.988,1,100,41.0,88.5,48.8697,2.3509,entire_place,Superhost Status; Highly Rated (10x); Great Location; WiFi Available; Air Conditioning; Full Kitchen; Well Equipped; Quick Response; Will Return (6x); Very Clean,Overpriced,[Pricing]: Consider lowering price - currently above market,Airbnb Resource Center | HostIQ Analysis
158314905,1242583978790674748; 1267922663279213694; 1227507117808938763; 1222406428131401491; 1249015069219344771,"Paris, Ile-de-France, France",5,42,29,13,0.709,4.43,4.53,4.66,4.59,4.47,241.44,647.4931229604309,406.05,4.51,0.6608,0,100,25.2,81.7,48.86807893673969,2.357902287737528,entire_place,Great Location; WiFi Available; Full Kitchen; Quick Response,Overpriced,[Cleanliness]: Improve cleaning standards between guests || [Pricing]: Consider lowering price - currently above market || [Quality]: Focus on guest experience for Superhost status,Airbnb Resource Center | HostIQ Analysis
171333481,1120181723519225718,"Paris, Ile-de-France, France",1,6,4,2,0.76,5.0,4.81,5.0,5.0,5.0,436.33,705.2843531703394,268.95,5.0,0.7,0,100,5.0,75.2,48.8525,2.3663,entire_place,Highly Rated (1x); Great Location; WiFi Available; Full Kitchen; Quick Response,Overpriced; Limited Amenities,[Pricing]: Consider lowering price - currently above market || [Amenities]: Add more amenities,Airbnb Resource Center | HostIQ Analysis
176815192,981074066947579180,"Paris, Ile-de-France, France",1,2,1,1,0.76,4.99,5.0,5.0,5.0,4.93,403.33,620.0724849385595,216.74,5.0,0.7,0,100,25.0,74.0,48.83352,2.34988,entire_place,Highly Rated (0x); Full Kitchen; Parking Available; Quick Response,Overpriced; WiFi Issues,[Pricing]: Consider lowering price - currently above market,Airbnb Resource Center | HostIQ Analysis
183108425,1150513192003311884,"Paris, Ile-de-France, France",1,24,18,6,0.76,4.87,5.0,5.0,5.0,4.98,401.88,258.11915464821215,-143.76,5.0,0.7,0,100,39.0,83.6,48.8726,2.3477,entire_place,Highly Rated (7x); Great Location; WiFi Available; Full Kitchen; Parking Available; Well Equipped; Quick Response,No issues identified,[Pricing]: Consider raising price - currently undervalued,Airbnb Resource Center | HostIQ Analysis
184937755,854802630872525879,"Paris, Ile-de-France, France",1,38,37,1,0.997,4.96,4.98,4.96,5.0,5.0,223.2,163.25288436664616,-59.95,4.97,0.9976,1,100,33.0,84.9,48.8639,2.3466,entire_place,Superhost Status; Highly Rated (11x); Great Location; WiFi Available; Full Kitchen; Well Equipped; Quick Response; Will Return (7x); Very Clean,No issues identified,[Pricing]: Consider raising price - currently undervalued,Airbnb Resource Center | HostIQ Analysis
194045108,25900086,"Paris, Ile-de-France, France",1,35,25,10,0.715,4.29,4.62,4.62,4.69,4.43,332.99,433.9464348327891,100.96,4.57,0.6656,0,100,24.0,74.8,48.83744,2.34926,entire_place,WiFi Available; Full Kitchen; Quick Response,Overpriced,[Cleanliness]: Improve cleaning standards between guests || [Pricing]: Consider lowering price - currently above market || [Quality]: Focus on guest experience for Superhost status,Airbnb Resource Center | HostIQ Analysis
197304071,53918465,"Paris, Ile-de-France, France",1,42,41,1,0.998,5.0,4.81,4.89,5.0,5.0,831.0,609.2551400038883,-221.74,4.98,0.9984000000000002,1,100,29.0,86.8,48.85232,2.34655,entire_place,Superhost Status; Highly Rated (12x); Great Location; WiFi Available; Full Kitchen; Quick Response; Will Return (8x); Very Clean,No issues identified,[Pricing]: Consider raising price - currently undervalued,Airbnb Resource Center | HostIQ Analysis
199498945,1267922515377677449,"Paris, Ile-de-France, France",1,1,0,1,0.76,5.0,5.0,5.0,5.0,5.0,205.0,511.6430768464318,306.64,5.0,0.7,0,100,41.0,74.9,48.8551,2.3686,entire_place,Highly Rated (0x); WiFi Available; Full Kitchen; Parking Available; Well Equipped; Quick Response,Overpriced,[Pricing]: Consider lowering price - currently above market,Airbnb Resource Center | HostIQ Analysis
201038010,879623872449678928,"Paris, Ile-de-France, France",1,25,18,7,0.739,4.56,4.73,4.97,4.97,4.89,413.36,433.44821421074573,20.09,4.8,0.6839999999999999,0,100,15.0,75.3,48.8518,2.3394,entire_place,Highly Rated (7x); Great Location; WiFi Available; Full Kitchen; Quick Response,No issues identified,[Cleanliness]: Improve cleaning standards between guests || [Amenities]: Add more amenities,Airbnb Resource Center | HostIQ Analysis
204039138,660583102865952289,"Paris, Ile-de-France, France",1,24,15,9,0.663,3.79,4.14,4.21,4.34,4.23,154.0,323.32769899509435,169.33,4.07,0.6256,0,100,27.0,74.6,48.87164,2.32586,entire_place,WiFi Available; Full Kitchen; Quick Response,Below Average Rating; Overpriced,[Cleanliness]: Improve cleaning standards between guests || [Pricing]: Consider lowering price - currently above market || [Quality]: Focus on guest experience for Superhost status,Airbnb Resource Center | HostIQ Analysis
209934555,955524227634888106,"Paris, Ile-de-France, France",1,76,55,21,0.726,4.8,4.87,4.78,4.96,4.68,198.64,44.460198454971646,-154.18,4.67,0.6736,0,100,30.0,75.3,48.8419,2.3252,private_room,Great Location; WiFi Available; Full Kitchen; Parking Available; Well Equipped; Quick Response,No issues identified,[Cleanliness]: Improve cleaning standards between guests || [Pricing]: Consider raising price - currently undervalued || [Quality]: Focus on guest experience for Superhost status,Airbnb Resource Center | HostIQ Analysis
211140048,29509783,"Paris, Ile-de-France, France",2,76,56,20,0.741,5.0,4.85,4.74,5.0,4.76,230.32,486.73656317300146,256.42,4.82,0.6856,0,100,26.0,0.75,48.85082,2.31767,entire_place,Highly Rated (22x); WiFi Available; Full Kitchen; Parking Available; Quick Response,Remote Location; Overpriced,[Cleanliness]: Improve cleaning standards between guests || [Pricing]: Consider lowering price - currently above market,Airbnb Resource Center | HostIQ Analysis
214647189,1107795523220279318,"Paris, Ile-de-France, France",1,1,0,1,0.76,5.0,5.0,5.0,5.0,4.89,337.87,583.926239775583,246.06,5.0,0.7,0,100,14.0,79.1,48.85755146627353,2.359701244697223,entire_place,Highly Rated (0x); Great Location; WiFi Available; Full Kitchen; Quick Response,Overpriced; Limited Amenities,[Pricing]: Consider lowering price - currently above market || [Amenities]: Add more amenities,Airbnb Resource Center | HostIQ Analysis
219731813,45798448; 938317612949504698,"Paris, Ile-de-France, France",2,34,32,2,0.958,4.69,4.85,4.75,4.7,4.61,622.8050000000001,652.4177004551584,29.61,4.6,0.968,1,100,55.5,82.4,48.8677,2.3543,entire_place,Superhost Status; Great Location; WiFi Available; Air Conditioning; Full Kitchen; Parking Available; Well Equipped; Quick Response; Will Return (6x); Very Clean,No issues identified,[Pricing]: Consider lowering price - currently above market,Airbnb Resource Center | HostIQ Analysis
222199838,730327824370428624,"Paris, Ile-de-France, France",1,14,9,5,0.701,4.18,4.67,4.62,4.69,4.58,75.0,317.6028797895233,242.6,4.43,0.6544,0,100,25.0,74.3,48.8786,2.36953,entire_place,Full Kitchen; Quick Response,Below Average Rating; Overpriced; WiFi Issues,[Cleanliness]: Improve cleaning standards between guests || [Pricing]: Consider lowering price - currently above market || [Quality]: Focus on guest experience for Superhost status,Airbnb Resource Center | HostIQ Analysis
225573206,30009165,"Paris, Ile-de-France, France",1,4,3,1,0.76,5.0,4.83,5.0,5.0,4.61,809.0,419.435989891282,-389.56,5.0,0.7,0,100,46.0,81.0,48.84420680103288,2.330959382347532,entire_place,Highly Rated (1x); Great Location; WiFi Available; Full Kitchen; Well Equipped; Quick Response,No issues identified,[Pricing]: Consider raising price - currently undervalued,Airbnb Resource Center | HostIQ Analysis
230458490,34309812; 34310122,"Paris, Ile-de-France, France",2,17,11,6,0.69,4.36,4.29,4.28,4.57,4.25,182.43,511.24442924330145,328.81,4.33,0.6464000000000001,0,100,21.0,88.5,48.86882,2.35015,entire_place,Great Location; WiFi Available; Full Kitchen; Parking Available; Quick Response,Below Average Rating; Overpriced,[Cleanliness]: Improve cleaning standards between guests || [Pricing]: Consider lowering price - currently above market || [Quality]: Focus on guest experience for Superhost status,Airbnb Resource Center | HostIQ Analysis
238019759,31731761,"Paris, Ile-de-France, France",1,4,2,2,0.702,4.55,4.6,4.61,4.46,4.48,572.96,643.0968085045483,70.14,4.44,0.6552,0,100,27.0,7.4,48.843,2.3633,unique_stay,WiFi Available; Full Kitchen; Parking Available; Quick Response,Below Average Rating; Remote Location; Overpriced,[Cleanliness]: Improve cleaning standards between guests || [Pricing]: Consider lowering price - currently above market || [Quality]: Focus on guest experience for Superhost status,Airbnb Resource Center | HostIQ Analysis
238483475,928138738909811498,"Paris, Ile-de-France, France",1,7,6,1,0.981,4.54,4.97,4.93,5.0,4.49,617.0,1065.5106612006643,448.51,4.82,0.9856,1,100,49.0,79.9,48.84385,2.33271,entire_place,Superhost Status; Highly Rated (2x); Great Location; WiFi Available; Air Conditioning; Full Kitchen; Parking Available; Well Equipped; Quick Response; Will Return (1x); Very Clean,Overpriced,[Pricing]: Consider lowering price - currently above market,Airbnb Resource Center | HostIQ Analysis
243345664,693255959682179047,"Paris, Ile-de-France, France",1,1,0,1,0.76,4.72,5.0,4.94,5.0,5.0,404.0,288.2303270682814,-115.77,5.0,0.7,0,100,48.0,67.7,48.85529,2.33056,entire_place,Highly Rated (0x); WiFi Available; Full Kitchen; Parking Available; Well Equipped; Quick Response,No issues identified,[Pricing]: Consider raising price - currently undervalued,Airbnb Resource Center | HostIQ Analysis
250052908,33215018,"Paris, Ile-de-France, France",1,221,218,3,0.988,4.83,4.99,5.0,4.97,4.66,688.93,412.373775102986,-276.56,4.88,0.9904,1,100,35.0,88.4,48.85263,2.34432,entire_place,Superhost Status; Highly Rated (66x); Great Location; WiFi Available; Full Kitchen; Parking Available; Well Equipped; Quick Response; Will Return (44x); Very Clean,No issues identified,[Pricing]: Consider raising price - currently undervalued,Airbnb Resource Center | HostIQ Analysis
257597858,1106997835821541848; 1171134507786029638,"Paris, Ile-de-France, France",2,10,9,1,0.974,4.53,4.85,4.83,4.81,4.45,419.975,682.487609463473,262.51,4.75,0.98,1,100,40.5,94.35,48.8652,2.35195,entire_place,Superhost Status; Great Location; WiFi Available; Air Conditioning; Full Kitchen; Parking Available; Well Equipped; Quick Response; Will Return (2x); Very Clean,Overpriced,[Pricing]: Consider lowering price - currently above market,Airbnb Resource Center | HostIQ Analysis
271963489,41447606,"Paris, Ile-de-France, France",1,114,112,2,0.986,4.72,5.0,4.92,4.95,4.67,171.05,175.5306213275409,4.48,4.87,0.9896,1,100,39.0,88.2,48.8692,2.3494,entire_place,Superhost Status; Highly Rated (34x); Great Location; WiFi Available; Full Kitchen; Parking Available; Well Equipped; Quick Response; Will Return (22x); Very Clean,No issues identified,Keep up the great work!,Airbnb Resource Center | HostIQ Analysis
309577234,40115487,"Paris, Ile-de-France, France",2,50,38,12,0.76,4.73,4.92,5.0,5.0,4.68,200.86,177.00015761366575,-23.86,5.0,0.7,0,100,24.0,74.35,48.86042,2.35295,entire_place,Highly Rated (15x); WiFi Available; Full Kitchen; Parking Available; Quick Response,No issues identified,Keep up the great work!,Airbnb Resource Center | HostIQ Analysis
315032437,1165951830215387825,"Paris, Ile-de-France, France",1,14,8,6,0.603,4.43,4.85,4.59,4.85,4.3,348.68,266.5922986872201,-82.09,4.64,0.5212,0,50,6.0,78.6,48.85702,2.35958,entire_place,Great Location; WiFi Available; Full Kitchen,Cleanliness Issues; Slow Response; Limited Amenities,[Cleanliness]: Improve cleaning standards between guests || [Pricing]: Consider raising price - currently undervalued || [Communication]: Improve response time || [Amenities]: Add more amenities || [Quality]: Focus on guest experience for Superhost status,Airbnb Resource Center | HostIQ Analysis
318669414,40907094,"Paris, Ile-de-France, France",1,6,4,2,0.69,4.41,4.18,4.38,4.47,4.06,108.0,398.1666886056627,290.17,4.33,0.6464000000000001,0,100,28.0,75.1,48.84242,2.32657,entire_place,Great Location; WiFi Available; Full Kitchen; Parking Available; Quick Response,Below Average Rating; Overpriced,[Cleanliness]: Improve cleaning standards between guests || [Pricing]: Consider lowering price - currently above market || [Quality]: Focus on guest experience for Superhost status,Airbnb Resource Center | HostIQ Analysis
328781956,1086204918195098970,"Paris, Ile-de-France, France",1,15,15,0,1.0,4.72,4.92,5.0,5.0,4.72,506.21,598.264485561954,92.05,5.0,1.0,1,100,31.0,75.1,48.8584,2.3283,entire_place,Superhost Status; Highly Rated (4x); Great Location; WiFi Available; Full Kitchen; Well Equipped; Quick Response; Will Return (3x); Very Clean,Overpriced,[Pricing]: Consider lowering price - currently above market,Airbnb Resource Center | HostIQ Analysis
333680462,867954663383174821,"Paris, Ile-de-France, France",1,4,3,1,0.76,5.0,4.81,5.0,5.0,5.0,237.68,530.753870797198,293.07,5.0,0.7,0,100,52.0,75.2,48.88188,2.36525,entire_place,Highly Rated (1x); Great Location; WiFi Available; Full Kitchen; Parking Available; Well Equipped; Quick Response,Overpriced,[Pricing]: Consider lowering price - currently above market,Airbnb Resource Center | HostIQ Analysis
334643447,42428002,"Paris, Ile-de-France, France",1,239,156,83,0.655,3.75,4.18,4.18,4.2,4.02,424.84,646.8995419157824,222.06,3.99,0.6192,0,100,31.0,75.5,48.8494,2.3809,hotel_room,Great Location; WiFi Available; Air Conditioning; Well Equipped; Quick Response,Below Average Rating; Overpriced,[Cleanliness]: Improve cleaning standards between guests || [Pricing]: Consider lowering price - currently above market || [Quality]: Focus on guest experience for Superhost status,Airbnb Resource Center | HostIQ Analysis
337962518,42452586,"Paris, Ile-de-France, France",1,23,17,6,0.756,4.77,4.88,5.0,5.0,5.0,206.0,490.8069165847205,284.81,4.96,0.6968000000000001,0,100,23.0,75.5,48.85788,2.36684,entire_place,Highly Rated (6x); Great Location; WiFi Available; Full Kitchen; Quick Response,Overpriced,[Cleanliness]: Improve cleaning standards between guests || [Pricing]: Consider lowering price - currently above market,Airbnb Resource Center | HostIQ Analysis
349842184,905073834849720489,"Paris, Ile-de-France, France",1,8,6,2,0.76,5.0,5.0,5.0,5.0,4.99,390.4,257.36734686016854,-133.03,5.0,0.7,0,100,39.0,75.0,48.8535,2.3533,entire_place,Highly Rated (2x); Great Location; WiFi Available; Full Kitchen; Parking Available; Well Equipped; Quick Response,No issues identified,[Pricing]: Consider raising price - currently undervalued,Airbnb Resource Center | HostIQ Analysis
392153686,48610623,"Paris, Ile-de-France, France",1,140,94,46,0.674,4.37,4.66,4.78,4.71,4.76,104.0,331.8946507521815,227.89,4.63,0.6104,0,80,20.0,89.8,48.86357,2.35852,entire_place,Great Location; WiFi Available; Full Kitchen,Overpriced,[Cleanliness]: Improve cleaning standards between guests || [Pricing]: Consider lowering price - currently above market || [Communication]: Improve response time || [Quality]: Focus on guest experience for Superhost status,Airbnb Resource Center | HostIQ Analysis
399846512,1173055154308544331,"Paris, Ile-de-France, France",1,1,0,1,0.76,5.0,5.0,4.96,5.0,4.89,146.0,705.2570075154551,559.26,5.0,0.7,0,100,7.0,75.5,48.857,2.3745,entire_place,Highly Rated (0x); Great Location; WiFi Available; Full Kitchen; Quick Response,Overpriced; Limited Amenities,[Pricing]: Consider lowering price - currently above market || [Amenities]: Add more amenities,Airbnb Resource Center | HostIQ Analysis
402285530,50805781,"Paris, Ile-de-France, France",2,36,25,11,0.714,4.75,4.82,4.57,4.76,4.5,279.355,263.44298729642054,-15.91,4.56,0.6648000000000001,0,100,35.0,74.65,48.84541,2.35129,entire_place,WiFi Available; Full Kitchen; Parking Available; Well Equipped; Quick Response,No issues identified,[Cleanliness]: Improve cleaning standards between guests || [Quality]: Focus on guest experience for Superhost status,Airbnb Resource Center | HostIQ Analysis
412683123,51012362,"Paris, Ile-de-France, France",1,24,23,1,0.966,4.41,4.91,4.8,4.71,4.72,517.56,585.4513523622797,67.89,4.67,0.9736,1,100,11.0,90.6,48.86786,2.3588,hotel_room,Superhost Status; Great Location; WiFi Available; Air Conditioning; Quick Response; Will Return (4x); Very Clean,Overpriced; Limited Amenities,[Pricing]: Consider lowering price - currently above market || [Amenities]: Add more amenities,Airbnb Resource Center | HostIQ Analysis
428627442,1075800394488765558; 573541562284514917,"Paris, Ile-de-France, France",2,166,117,49,0.708,4.65,4.73,4.49,4.6,4.54,246.865,369.9765400857741,123.11,4.52,0.6586,0,99,24.5,76.3,48.853085,2.348555,entire_place,Great Location; WiFi Available; Full Kitchen; Quick Response,Overpriced,[Cleanliness]: Improve cleaning standards between guests || [Pricing]: Consider lowering price - currently above market || [Quality]: Focus on guest experience for Superhost status,Airbnb Resource Center | HostIQ Analysis
429289519,664422563365299587,"Paris, Ile-de-France, France",1,18,12,6,0.697,4.15,4.62,4.49,4.53,4.16,315.19,894.1698226951603,578.98,4.39,0.6512,0,100,39.0,75.6,48.84724,2.33988,entire_place,Great Location; WiFi Available; Air Conditioning; Full Kitchen; Well Equipped; Quick Response,Below Average Rating; Overpriced,[Cleanliness]: Improve cleaning standards between guests || [Pricing]: Consider lowering price - currently above market || [Quality]: Focus on guest experience for Superhost status,Airbnb Resource Center | HostIQ Analysis
436103373,53845231; 1008791497848928346; 918582703085284301; 53846418; 1018959711909102308...,"Paris, Ile-de-France, France",14,848,609,239,0.719,4.88,4.46,4.68,4.71,4.35,365.12,442.79955683815814,77.68,4.61,0.6688000000000001,0,100,36.714285714285715,75.80714285714285,48.86268714285715,2.3507471428571427,entire_place,Great Location; WiFi Available; Full Kitchen; Parking Available; Well Equipped; Quick Response,Overpriced,[Cleanliness]: Improve cleaning standards between guests || [Pricing]: Consider lowering price - currently above market || [Quality]: Focus on guest experience for Superhost status,Airbnb Resource Center | HostIQ Analysis
444444883,561979963451387094,"Paris, Ile-de-France, France",1,81,77,4,0.957,4.54,4.53,4.64,4.79,4.38,232.62,492.6493881234305,260.03,4.59,0.9672,1,100,19.0,83.5,48.8765,2.3481,entire_place,Superhost Status; Great Location; WiFi Available; Full Kitchen; Quick Response; Will Return (16x); Very Clean,Overpriced,[Pricing]: Consider lowering price - currently above market || [Amenities]: Add more amenities,Airbnb Resource Center | HostIQ Analysis
449867761,1011462555557466520,"Paris, Ile-de-France, France",1,3,2,1,0.76,5.0,4.97,5.0,5.0,5.0,134.34,803.8228932552968,669.48,5.0,0.7,0,100,41.0,75.2,48.86561028936289,2.3733021217131,entire_place,Highly Rated (0x); Great Location; WiFi Available; Full Kitchen; Parking Available; Well Equipped; Quick Response,Overpriced,[Pricing]: Consider lowering price - currently above market,Airbnb Resource Center | HostIQ Analysis
450001685,585205550821566924; 585220473298998849,"Paris, Ile-de-France, France",2,6,4,2,0.672,4.35,4.78,4.68,4.58,4.44,702.9300000000001,632.3261557762063,-70.6,4.55,0.613,0,83,25.5,27.1,48.8497,2.3628,hotel_room,WiFi Available; Full Kitchen,Remote Location,[Cleanliness]: Improve cleaning standards between guests || [Pricing]: Consider raising price - currently undervalued || [Communication]: Improve response time || [Quality]: Focus on guest experience for Superhost status,Airbnb Resource Center | HostIQ Analysis
454285681,604997691749151091,"Paris, Ile-de-France, France",1,39,38,1,0.99,4.74,4.95,4.99,5.0,5.0,232.0,424.9097650829858,192.91,4.9,0.992,1,100,21.0,74.7,48.83555,2.35339,entire_place,Superhost Status; Highly Rated (11x); WiFi Available; Full Kitchen; Quick Response; Will Return (7x); Very Clean,Overpriced,[Pricing]: Consider lowering price - currently above market,Airbnb Resource Center | HostIQ Analysis
456251316,1038522290460271737,"Paris, Ile-de-France, France",1,84,81,3,0.972,5.0,4.77,4.79,4.77,4.92,224.98,789.0172023536925,564.04,4.73,0.9784000000000002,1,100,25.0,1.1,48.85356,2.37064,entire_place,Superhost Status; WiFi Available; Full Kitchen; Quick Response; Will Return (16x); Very Clean,Remote Location; Overpriced,[Pricing]: Consider lowering price - currently above market,Airbnb Resource Center | HostIQ Analysis
458701680,625007294154734805,"Paris, Ile-de-France, France",2,336,334,2,0.996,5.0,4.79,4.89,5.0,4.73,257.685,276.56504808306477,18.88,4.96,0.9968,1,100,46.0,75.25,48.86193,2.36855,entire_place,Superhost Status; Highly Rated (100x); Great Location; WiFi Available; Full Kitchen; Parking Available; Well Equipped; Quick Response; Will Return (67x); Very Clean,No issues identified,Keep up the great work!,Airbnb Resource Center | HostIQ Analysis
459701814,713468857485022395; 669953945543820432; 678670320550546324; 678458643414559553; 713463300699603565...,"Paris, Ile-de-France, France",6,360,254,106,0.707,5.0,4.8,4.93,5.0,4.85,365.4983333333333,482.3111468438776,116.81,4.77,0.6456,0,88,39.833333333333336,81.18333333333334,48.862255,2.359226666666667,entire_place,Great Location; WiFi Available; Full Kitchen; Parking Available; Well Equipped,Overpriced,[Cleanliness]: Improve cleaning standards between guests || [Pricing]: Consider lowering price - currently above market || [Communication]: Improve response time,Airbnb Resource Center | HostIQ Analysis
460495691,633075056825804055,"Paris, Ile-de-France, France",1,37,27,10,0.755,5.0,5.0,4.88,4.98,4.55,183.72,176.09216225198082,-7.63,4.95,0.696,0,100,44.0,75.1,48.8625,2.3653,entire_place,Highly Rated (11x); Great Location; WiFi Available; Full Kitchen; Parking Available; Well Equipped; Quick Response,No issues identified,[Cleanliness]: Improve cleaning standards between guests,Airbnb Resource Center | HostIQ Analysis
464015699,1343431046369374897; 1138276295423575087,"Paris, Ile-de-France, France",3,30,20,10,0.688,4.57,4.55,4.25,4.57,3.96,273.01666666666665,596.8722244462405,323.86,4.33,0.6434,0,99,36.0,74.76666666666667,48.85791464801317,2.3749319700819815,entire_place,WiFi Available; Full Kitchen; Parking Available; Well Equipped; Quick Response,Below Average Rating; Overpriced,[Cleanliness]: Improve cleaning standards between guests || [Pricing]: Consider lowering price - currently above market || [Quality]: Focus on guest experience for Superhost status,Airbnb Resource Center | HostIQ Analysis
484292568,908599895151427699,"Paris, Ile-de-France, France",2,26,18,8,0.714,4.82,4.55,4.48,4.72,4.72,234.11,350.37527811292034,116.27,4.56,0.6648000000000001,0,100,47.0,74.9,48.86385,2.36557,entire_place,WiFi Available; Full Kitchen; Parking Available; Well Equipped; Quick Response,Overpriced,[Cleanliness]: Improve cleaning standards between guests || [Pricing]: Consider lowering price - currently above market || [Quality]: Focus on guest experience for Superhost status,Airbnb Resource Center | HostIQ Analysis
485028504,1304167688556821798,"Paris, Ile-de-France, France",1,11,7,4,0.65,4.15,3.92,3.98,4.16,4.05,195.0,654.4901132585678,459.49,3.94,0.6152,0,100,14.0,87.9,48.86742060288238,2.336313210429854,entire_place,Great Location; WiFi Available; Full Kitchen; Quick Response,Below Average Rating; Overpriced; Limited Amenities,[Cleanliness]: Improve cleaning standards between guests || [Pricing]: Consider lowering price - currently above market || [Amenities]: Add more amenities || [Quality]: Focus on guest experience for Superhost status,Airbnb Resource Center | HostIQ Analysis
485484872,772309023125946843,"Paris, Ile-de-France, France",1,78,77,1,0.99,4.65,5.0,4.89,5.0,4.88,128.0,182.86527426538217,54.87,4.9,0.992,1,100,35.0,74.1,48.8715,2.3515,entire_place,Superhost Status; Highly Rated (23x); WiFi Available; Full Kitchen; Well Equipped; Quick Response; Will Return (15x); Very Clean,Overpriced,[Pricing]: Consider lowering price - currently above market,Airbnb Resource Center | HostIQ Analysis
494446214,797666602882462488,"Paris, Ile-de-France, France",1,9,5,4,0.578,5.0,4.84,4.99,5.0,4.79,144.41,204.08817143705843,59.68,4.89,0.4781999999999999,0,29,35.0,97.1,48.86464,2.35006,entire_place,Highly Rated (2x); Great Location; WiFi Available; Full Kitchen; Well Equipped,Cleanliness Issues; Slow Response; Overpriced,[Cleanliness]: Improve cleaning standards between guests || [Pricing]: Consider lowering price - currently above market || [Communication]: Improve response time,Airbnb Resource Center | HostIQ Analysis
494957630,918028641397240870,"Paris, Ile-de-France, France",1,23,23,0,1.0,4.83,4.9,5.0,5.0,5.0,452.73,810.3114870092954,357.58,5.0,1.0,1,100,44.0,1.3,48.84845236031991,2.318727452072704,entire_place,Superhost Status; Highly Rated (6x); WiFi Available; Full Kitchen; Well Equipped; Quick Response; Will Return (4x); Very Clean,Remote Location; Overpriced,[Pricing]: Consider lowering price - currently above market,Airbnb Resource Center | HostIQ Analysis
495824206,1038905827338722922,"Paris, Ile-de-France, France",1,10,7,3,0.711,4.32,4.8,4.58,4.77,4.65,126.0,337.09842006209436,211.1,4.55,0.661,0,99,36.0,87.0,48.8532,2.3424,entire_place,Great Location; WiFi Available; Full Kitchen; Parking Available; Well Equipped; Quick Response,Overpriced,[Cleanliness]: Improve cleaning standards between guests || [Pricing]: Consider lowering price - currently above market || [Quality]: Focus on guest experience for Superhost status,Airbnb Resource Center | HostIQ Analysis
505866708,888814135532522875,"Paris, Ile-de-France, France",1,2,1,1,0.756,5.0,5.0,4.92,5.0,4.59,746.35,525.4075231300919,-220.94,4.96,0.6968000000000001,0,100,43.0,64.1,48.8503,2.3483,entire_place,Highly Rated (0x); WiFi Available; Full Kitchen; Parking Available; Well Equipped; Quick Response,No issues identified,[Cleanliness]: Improve cleaning standards between guests || [Pricing]: Consider raising price - currently undervalued,Airbnb Resource Center | HostIQ Analysis
507301255,1171675047091186254; 1044747124343830525; 1171639524276691926,"Paris, Ile-de-France, France",3,88,57,31,0.656,3.92,3.94,4.2,4.18,3.81,182.51666666666665,572.443970094639,389.93,4.12,0.6146,0,95,28.666666666666668,75.10000000000001,48.846296558935215,2.375572398761378,entire_place,Great Location; WiFi Available; Air Conditioning; Full Kitchen; Quick Response,Below Average Rating; Overpriced,[Cleanliness]: Improve cleaning standards between guests || [Pricing]: Consider lowering price - currently above market || [Quality]: Focus on guest experience for Superhost status,Airbnb Resource Center | HostIQ Analysis
507729478,858484689104318108,"Paris, Ile-de-France, France",1,13,9,4,0.712,4.54,4.62,4.69,4.63,4.22,348.25,515.4856836104043,167.24,4.54,0.6632,0,100,19.0,74.6,48.836,2.3574,entire_place,WiFi Available; Air Conditioning; Full Kitchen; Quick Response,Overpriced,[Cleanliness]: Improve cleaning standards between guests || [Pricing]: Consider lowering price - currently above market || [Amenities]: Add more amenities || [Quality]: Focus on guest experience for Superhost status,Airbnb Resource Center | HostIQ Analysis
509554688,867251904464621937,"Paris, Ile-de-France, France",1,22,16,6,0.755,4.67,4.97,4.95,5.0,4.76,318.0,595.1001900351889,277.1,4.95,0.696,0,100,36.0,74.1,48.8696,2.3699,entire_place,Highly Rated (6x); WiFi Available; Full Kitchen; Well Equipped; Quick Response,Overpriced,[Cleanliness]: Improve cleaning standards between guests || [Pricing]: Consider lowering price - currently above market,Airbnb Resource Center | HostIQ Analysis
512353870,880462047308507179,"Paris, Ile-de-France, France",1,36,26,10,0.745,4.94,4.86,4.82,5.0,4.61,297.77,230.99586362101684,-66.77,4.86,0.6888000000000001,0,100,21.0,75.2,48.8549,2.3682,entire_place,Highly Rated (10x); Great Location; WiFi Available; Full Kitchen; Quick Response,No issues identified,[Cleanliness]: Improve cleaning standards between guests || [Pricing]: Consider raising price - currently undervalued,Airbnb Resource Center | HostIQ Analysis
512746089,1244023005323265213; 1267394734091655357,"Paris, Ile-de-France, France",2,12,2,10,0.24,1.0,1.0,1.0,1.0,1.0,365.5,979.7378248522972,614.24,0.0,0.3,0,100,34.5,77.65,48.86895,2.3449,entire_place,Great Location; WiFi Available; Air Conditioning; Full Kitchen; Well Equipped; Quick Response,Cleanliness Issues; Below Average Rating; Overpriced,[Cleanliness]: Improve cleaning standards between guests || [Pricing]: Consider lowering price - currently above market || [Quality]: Focus on guest experience for Superhost status,Airbnb Resource Center | HostIQ Analysis
515543871,895542393093451174,"Paris, Ile-de-France, France",1,28,27,1,0.993,4.77,5.0,5.0,4.95,4.68,139.0,163.62994913880698,24.63,4.93,0.9944,1,100,13.0,73.9,48.8618,2.3691,entire_place,Superhost Status; Highly Rated (8x); WiFi Available; Full Kitchen; Quick Response; Will Return (5x); Very Clean,Limited Amenities,[Amenities]: Add more amenities,Airbnb Resource Center | HostIQ Analysis
518893133,1156549814364959872,"Paris, Ile-de-France, France",1,6,1,5,0.24,1.0,1.0,1.0,1.0,1.0,328.39,256.46860069068657,-71.92,0.0,0.3,0,100,24.0,88.9,48.86809,2.34943,entire_place,Great Location; WiFi Available; Full Kitchen; Parking Available; Quick Response,Cleanliness Issues; Below Average Rating,[Cleanliness]: Improve cleaning standards between guests || [Pricing]: Consider raising price - currently undervalued || [Quality]: Focus on guest experience for Superhost status,Airbnb Resource Center | HostIQ Analysis
522137539,922376104841989198,"Paris, Ile-de-France, France",1,25,25,0,1.0,4.92,5.0,4.94,5.0,4.69,420.63,325.3078030137159,-95.32,5.0,1.0,1,100,29.0,74.6,48.85519,2.38079,entire_place,Superhost Status; Highly Rated (7x); WiFi Available; Full Kitchen; Quick Response; Will Return (5x); Very Clean,No issues identified,[Pricing]: Consider raising price - currently undervalued,Airbnb Resource Center | HostIQ Analysis
523604549,927955989840054947,"Paris, Ile-de-France, France",1,10,7,3,0.721,5.0,5.0,5.0,4.91,4.9,287.06,438.65963490237544,151.6,4.9,0.6560000000000001,0,88,43.0,70.9,48.8745,2.344,entire_place,Highly Rated (3x); WiFi Available; Full Kitchen; Well Equipped,Overpriced,[Cleanliness]: Improve cleaning standards between guests || [Pricing]: Consider lowering price - currently above market || [Communication]: Improve response time,Airbnb Resource Center | HostIQ Analysis
524475545,931096000157615057,"Paris, Ile-de-France, France",1,17,12,5,0.754,4.93,4.96,4.89,5.0,4.55,162.0,468.9137024185979,306.91,4.94,0.6952,0,100,27.0,74.7,48.87632945150105,2.368115185626349,entire_place,Highly Rated (5x); WiFi Available; Full Kitchen; Parking Available; Quick Response,Overpriced,[Cleanliness]: Improve cleaning standards between guests || [Pricing]: Consider lowering price - currently above market,Airbnb Resource Center | HostIQ Analysis
524708996,1300040698232997307,"Paris, Ile-de-France, France",1,6,4,2,0.701,4.3,4.52,4.7,4.67,4.45,133.0,308.6504508108838,175.65,4.59,0.6462,0,93,32.0,73.8,48.86117977869208,2.339801553091612,entire_place,WiFi Available; Full Kitchen; Well Equipped,Overpriced,[Cleanliness]: Improve cleaning standards between guests || [Pricing]: Consider lowering price - currently above market || [Quality]: Focus on guest experience for Superhost status,Airbnb Resource Center | HostIQ Analysis
526047514,1019019105678840779; 1186184151805619560; 1337611621899064355,"Paris, Ile-de-France, France",4,17,16,1,0.975,4.56,5.0,4.77,5.0,4.68,662.1925,594.9561657026862,-67.24,4.78,0.9794,1,99,55.5,85.35,48.8689,2.346075,entire_place,Superhost Status; Great Location; WiFi Available; Full Kitchen; Parking Available; Well Equipped; Quick Response; Will Return (3x); Very Clean,No issues identified,[Pricing]: Consider raising price - currently undervalued,Airbnb Resource Center | HostIQ Analysis
541551090,1305725373304307802,"Paris, Ile-de-France, France",1,5,3,2,0.711,4.67,4.58,4.51,4.54,4.62,108.0,702.8178971568021,594.82,4.53,0.6624000000000001,0,100,36.0,78.4,48.85661,2.35927,entire_place,Great Location; WiFi Available; Air Conditioning; Full Kitchen; Parking Available; Well Equipped; Quick Response,Overpriced,[Cleanliness]: Improve cleaning standards between guests || [Pricing]: Consider lowering price - currently above market || [Quality]: Focus on guest experience for Superhost status,Airbnb Resource Center | HostIQ Analysis
543070586,1340601124199344870,"Paris, Ile-de-France, France",1,1,0,1,0.698,4.54,4.53,4.59,4.57,4.51,173.0,435.2262054071798,262.23,4.4,0.6520000000000001,0,100,15.0,74.7,48.87063865467187,2.362695886026551,entire_place,WiFi Available; Full Kitchen; Quick Response,Below Average Rating; Overpriced,[Cleanliness]: Improve cleaning standards between guests || [Pricing]: Consider lowering price - currently above market || [Amenities]: Add more amenities || [Quality]: Focus on guest experience for Superhost status,Airbnb Resource Center | HostIQ Analysis
544238207,1091207297249081125,"Paris, Ile-de-France, France",2,12,1,11,0.12,1.0,1.0,1.0,1.0,1.0,332.26,756.1493548397079,423.89,0.0,0.15,0,50,41.0,73.25,48.8504,2.3298,entire_place,WiFi Available; Full Kitchen; Parking Available; Well Equipped,Cleanliness Issues; Below Average Rating; Slow Response; Overpriced,[Cleanliness]: Improve cleaning standards between guests || [Pricing]: Consider lowering price - currently above market || [Communication]: Improve response time || [Quality]: Focus on guest experience for Superhost status,Airbnb Resource Center | HostIQ Analysis
544353526,1176585246940154735; 1173022251772841888,"Paris, Ile-de-France, France",2,28,19,9,0.708,4.21,4.59,4.49,4.5,4.2,323.655,487.8237473711655,164.17,4.5,0.66,0,100,30.5,69.15,48.85106086027082,2.3617866142629556,entire_place,WiFi Available; Full Kitchen; Well Equipped; Quick Response,Overpriced,[Cleanliness]: Improve cleaning standards between guests || [Pricing]: Consider lowering price - currently above market || [Quality]: Focus on guest experience for Superhost status,Airbnb Resource Center | HostIQ Analysis
549151518,1037780486463838268,"Paris, Ile-de-France, France",1,19,13,6,0.733,4.9,4.81,4.91,4.96,4.64,231.0,319.4318022698907,88.43,4.74,0.6792,0,100,43.0,75.9,48.8444,2.3485,entire_place,Great Location; WiFi Available; Full Kitchen; Parking Available; Well Equipped; Quick Response,Overpriced,[Cleanliness]: Improve cleaning standards between guests || [Pricing]: Consider lowering price - currently above market,Airbnb Resource Center | HostIQ Analysis
557825666,1073985231949352262,"Paris, Ile-de-France, France",1,4,3,1,0.988,4.71,4.79,5.0,5.0,4.93,293.85,686.0388722935347,392.19,4.88,0.9904,1,100,3.0,75.5,48.8521,2.37875,entire_place,Superhost Status; Highly Rated (1x); Great Location; WiFi Available; Full Kitchen; Quick Response; Will Return (0x); Very Clean,Overpriced; Limited Amenities,[Pricing]: Consider lowering price - currently above market || [Amenities]: Add more amenities,Airbnb Resource Center | HostIQ Analysis
559379728,1080130262930287020,"Paris, Ile-de-France, France",1,19,18,1,0.983,4.93,5.0,4.98,4.87,4.46,155.01,311.33366350776123,156.32,4.84,0.9872,1,100,28.0,73.8,48.8569,2.3747,entire_place,Superhost Status; Highly Rated (5x); WiFi Available; Full Kitchen; Quick Response; Will Return (3x); Very Clean,Overpriced,[Pricing]: Consider lowering price - currently above market,Airbnb Resource Center | HostIQ Analysis
560892322,1102923011454388735,"Paris, Ile-de-France, France",1,20,19,1,0.99,5.0,4.94,4.89,5.0,4.98,761.0,214.15155452294673,-546.85,4.9,0.992,1,100,32.0,74.9,48.85351,2.35531,entire_place,Superhost Status; Highly Rated (6x); WiFi Available; Full Kitchen; Parking Available; Well Equipped; Quick Response; Will Return (4x); Very Clean,No issues identified,[Pricing]: Consider raising price - currently undervalued,Airbnb Resource Center | HostIQ Analysis
562852388,1096662244187409261,"Paris, Ile-de-France, France",1,50,35,15,0.702,4.61,4.43,4.44,4.6,4.34,206.07,268.95596824598124,62.89,4.44,0.6552,0,100,29.0,76.2,48.86172,2.3579,entire_place,Great Location; WiFi Available; Full Kitchen; Quick Response,Below Average Rating; Overpriced,[Cleanliness]: Improve cleaning standards between guests || [Pricing]: Consider lowering price - currently above market || [Quality]: Focus on guest experience for Superhost status,Airbnb Resource Center | HostIQ Analysis
564251645,1142482273114637759; 1239136641042729451,"Paris, Ile-de-France, France",2,3,2,1,0.679,4.34,4.58,4.33,4.57,4.07,162.845,474.87513408744246,312.03,4.31,0.6328,0,96,23.0,65.35,48.855161396821,2.3585134798958247,entire_place,WiFi Available; Quick Response,Below Average Rating; Overpriced,[Cleanliness]: Improve cleaning standards between guests || [Pricing]: Consider lowering price - currently above market || [Quality]: Focus on guest experience for Superhost status,Airbnb Resource Center | HostIQ Analysis
568231770,1131828309025095170,"Paris, Ile-de-France, France",1,8,5,3,0.708,4.64,4.58,4.65,4.7,4.48,199.63,431.96363525469906,232.33,4.5,0.66,0,100,18.0,81.2,48.8593,2.3647,entire_place,Great Location; WiFi Available; Full Kitchen; Quick Response,Overpriced,[Cleanliness]: Improve cleaning standards between guests || [Pricing]: Consider lowering price - currently above market || [Amenities]: Add more amenities || [Quality]: Focus on guest experience for Superhost status,Airbnb Resource Center | HostIQ Analysis
577507547,760742932754652851; 1111577386494311383; 775947006368834647; 1015827559106368174; 1167916177860492333...,"Paris, Ile-de-France, France",55,4534,4534,0,1.0,4.9,5.0,5.0,5.0,5.0,317.58854545454545,615.2404467871647,297.65,5.0,1.0,1,100,32.2,79.89454545454545,48.866231542839365,2.352880168313498,entire_place,Superhost Status; Highly Rated (1360x); Great Location; WiFi Available; Full Kitchen; Well Equipped; Quick Response; Will Return (906x); Very Clean,Overpriced,[Pricing]: Consider lowering price - currently above market,Airbnb Resource Center | HostIQ Analysis
579231109,1163060866960206005,"Paris, Ile-de-France, France",1,4,2,2,0.734,5.0,5.0,4.66,4.87,4.69,242.28,319.9014404069674,77.62,4.75,0.6799999999999999,0,100,25.0,79.3,48.85844752371491,2.357376780229651,entire_place,Great Location; WiFi Available; Full Kitchen; Quick Response,Overpriced,[Cleanliness]: Improve cleaning standards between guests || [Pricing]: Consider lowering price - currently above market,Airbnb Resource Center | HostIQ Analysis
593333778,940497189024183408; 1260092742449768375; 51438497; 1044960524179219987; 1115140025751857482...,"Paris, Ile-de-France, France",7,295,290,5,0.985,4.6,5.0,4.84,4.9,4.91,443.5871428571428,682.1818705508342,238.59,4.86,0.9888,1,100,33.57142857142857,74.45714285714287,48.874785714285714,2.359985714285714,entire_place,Superhost Status; Highly Rated (88x); WiFi Available; Air Conditioning; Full Kitchen; Well Equipped; Quick Response; Will Return (59x); Very Clean,Overpriced,[Pricing]: Consider lowering price - currently above market,Airbnb Resource Center | HostIQ Analysis
656613870,1141095512155282029; 38013076; 1060823997305272326; 1293307638565650548; 816556675397634779...,"Paris, Ile-de-France, France",11,522,511,11,0.979,4.55,4.6,4.85,4.84,4.94,355.5290909090909,676.3125767925678,320.78,4.8,0.984,1,100,32.45454545454545,61.2,48.85540909090909,2.3738272727272727,entire_place,Superhost Status; Highly Rated (156x); WiFi Available; Full Kitchen; Well Equipped; Quick Response; Will Return (104x); Very Clean,Overpriced,[Pricing]: Consider lowering price - currently above market,Airbnb Resource Center | HostIQ Analysis
